topic_id,word,c_tf_idf
-1,alegerilor prezidențiale,0.86819446
-1,coaliției,0.8527914
-1,partidele,0.8442633
-1,presedinte romaniei,0.84287643
-1,prezidentiale,0.84211487
-1,primarul,0.8419727
-1,situație,0.84131444
-1,mandatul,0.84059346
-1,dreapta,0.83469975
-1,romaniei,0.8346099
-1,altă,0.83173144
-1,oamenii,0.82752377
-1,afaceri,0.8253213
-1,majoritate,0.8252318
-1,meleșcanu,0.82469285
0,șefa usr,0.8489307
0,deputaților usr,0.84811646
0,prezidențiale elena,0.8468282
0,electorală nicușor,0.8427633
0,cursa prezidențială,0.83780825
0,partidului elena,0.83438903
0,lasconi candidata,0.8277364
0,președinta,0.8266219
0,usr nicușor,0.8251995
0,comitetul politic,0.821627
0,liderii usr,0.8193495
0,retragerea sprijinului,0.81841743
0,candidata usr,0.8164728
0,șefei,0.81352055
0,susține nicușor,0.81339526
1,activenews,0.86346483
1,donație,0.83962
1,buletinul,0.83831924
1,informațiile,0.8341814
1,sprijiniți,0.833385
1,abonați,0.83086455
1,funcționale,0.8306509
1,ajută,0.8301748
1,rețele sociale,0.82715136
1,cenzura,0.8267372
1,intrați,0.82666826
1,comunicații,0.82147026
1,comunicări,0.8210532
1,,0.8208693
1,,0.8208693
1,,0.8208693
1,,0.8208693
1,,0.8208693
1,,0.8208693
1,,0.8208693
1,,0.8208693
1,,0.8208693
1,,0.8208693
1,,0.8208693
1,,0.8208693
1,,0.8208693
1,,0.8208693
1,,0.8208693
1,,0.8208693
1,,0.8208693
2,candidaților psd,0.85376704
2,prezidențiale victor,0.8489725
2,premier președinte,0.8442526
2,fostul lider,0.8277532
2,partid adăugat,0.8271786
2,excluderea partid,0.82096326
2,politic național,0.820609
2,ponta susținut,0.8198415
2,părere,0.81862944
2,emisiunea insider,0.81519926
2,ponta spune,0.814548
2,relații bune,0.8132802
2,lider psd,0.8121489
2,ponta candidat,0.8115592
2,congresul,0.80972195
3,inundațiile,0.83002126
3,prezidențiale victor,0.8289937
3,fostul premier,0.82360816
3,spus făcut,0.8091643
3,înaltă trădare,0.8002454
3,scriitorul,0.7993376
3,cetățenie,0.79756147
3,ponta candidat,0.7958245
3,motivul,0.79581606
3,apele române,0.7949581
3,calitate ministru,0.79431623
3,șocant,0.7942036
3,sârbă,0.7936753
3,plângere,0.79110324
3,domnul dragnea,0.79007185
4,băsescu președinte,0.8659663
4,președinte spune,0.85692513
4,cazul președintele,0.85292375
4,băsescu afirmat,0.84936357
4,guvern președinte,0.8477768
4,liderul pmp,0.8454542
4,fostul șef,0.8414978
4,președintele traian,0.8410002
4,băsescu fostul,0.8399316
4,seful statului,0.8356014
4,instituționale,0.8329805
4,anulat alegerile,0.82948434
4,părere românia,0.8293896
4,știrile protv,0.829337
4,traian băsescu,0.8263637
5,președintelui pnl,0.85046536
5,ciucă președinte,0.8497988
5,prezidențiale nicolae,0.8459834
5,guvernare președintele,0.84327435
5,partidul național,0.84244245
5,pnl ciucă,0.8393757
5,consiliul județean,0.8385506
5,ciucă demisionat,0.837424
5,biroului politic,0.8366339
5,dialogul politic,0.8353302
5,președintele senatului,0.83488834
5,pnl guvernare,0.8333409
5,ciucă precizat,0.8330946
5,liberalul,0.83290535
5,ședinței biroului,0.83144325
6,parlamentul româniei,0.8564807
6,imunității parlamentare,0.8515543
6,camera deputaților,0.8493602
6,legislatură,0.8481382
6,proiect lege,0.8399732
6,constituției,0.8381052
6,alegerile locale,0.83551854
6,propuneți,0.8341258
6,vârstă,0.83278114
6,județul,0.83197224
6,soluții,0.8319458
6,administrație publică,0.8316603
6,considerați,0.8264605
6,următoarele,0.82594615
6,introducerea educației,0.8256298
7,propagandă,0.85264546
7,conspirației,0.84753156
7,federația rusă,0.8326406
7,călin georgescu,0.83213943
7,vizualizări,0.8320529
7,dezinformare,0.8300604
7,urmăritori,0.8245088
7,campania călin,0.8212974
7,rusești,0.82059765
7,conținut,0.8186817
7,videoclipurile,0.8170576
7,publicitatea,0.81614685
7,întreprinderi,0.8157416
7,aplicația,0.8119067
7,angajată,0.8116413
8,becali deputat,0.8318882
8,liderul aur,0.8259005
8,decizia partidului,0.823688
8,george becali,0.8209437
8,deputatul george,0.8155353
8,bucurești alegerile,0.81537324
8,împrumutat,0.8076034
8,omul afaceri,0.80358887
8,susține george,0.8031176
8,lovitură stat,0.80201817
8,semnături,0.801111
8,patronul,0.7994808
8,citește exclusiv,0.79913473
8,gavrilă,0.798633
8,startul campaniei,0.79772544
9,presă propagandă,0.8600206
9,promovare electorală,0.84030735
9,publicitatea,0.84020805
9,site investigații,0.83621943
9,televiziunilor,0.83489066
9,contribuții,0.8316899
9,conținut,0.82891387
9,panourile,0.8268343
9,plătită,0.82468617
9,cheltuite,0.82360554
9,timpul campaniei,0.8235182
9,articole,0.8225975
9,milioane lei,0.8223378
9,europarlamentare,0.8220676
9,sponsorizat,0.8211429
10,moțiunea cenzură,0.87639976
10,cenzură guvernului,0.866241
10,plenul parlamentului,0.8563049
10,opoziția,0.8528749
10,deputaților usr,0.84885645
10,guvernul ciolacu,0.8488185
10,voteze moțiunea,0.84877694
10,liderul deputaților,0.8479161
10,cenzură inițiată,0.8433387
10,parlamentarilor,0.8412808
10,deputatul psd,0.84088254
10,constituționale,0.8397975
10,demiterea guvernului,0.83975273
10,majorității,0.8376228
10,moțiuni,0.837574
11,consilier prezidential,0.86592007
11,educatiei,0.8404168
11,articolul continuă,0.83849764
11,daniel funeriu,0.83354497
11,primarul craiovei,0.83231735
11,premierul emil,0.8314713
11,functia ministru,0.8298697
11,traian basescu,0.8296594
11,purtator cuvant,0.82764935
11,verdictul,0.8273913
11,valer dorneanu,0.82653236
11,termenii condițiile,0.8223526
11,puteți,0.821051
11,înapoi homepage,0.820799
11,iulie,0.8198132
12,hunor liderul,0.8514849
12,viitorul guvern,0.83928835
12,presedinte,0.81765115
12,udmr spus,0.81081057
12,kelemen hunor,0.80703855
12,hunor declarat,0.8022238
12,regionalizare,0.7961174
12,minoritar,0.7942625
12,solutiile,0.7940148
12,potrivit acestuia,0.7934695
12,maghiari,0.79333854
12,demografic,0.790675
12,cazul câștiga,0.790287
12,punct vedere,0.78682387
12,matei udrea,0.7863169
13,politica externă,0.84302425
13,relațiilor bilaterale,0.84290105
13,ucrainei,0.83628964
13,cooperării,0.8332201
13,administrația prezidențială,0.8291489
13,transatlantică,0.82887375
13,președintele interimar,0.8286469
13,infrastructurii,0.8261994
13,consiliului european,0.82606804
13,sprijinirea,0.82489145
13,evoluțiile,0.824087
13,reuniunii,0.8230684
13,securitatea,0.82239765
13,importanța,0.82137764
13,domeniul apărării,0.8208328
14,urne votat,0.86180997
14,informării publice,0.8518928
14,știrilor agerpres,0.8453864
14,informațiile transmise,0.8362537
14,protejate dispozițiile,0.82956845
14,dispozițiile legale,0.82874274
14,legislația aplicabilă,0.8286017
14,condiții utilizare,0.8283609
14,interesați preluarea,0.8280101
14,duminică ieșirea,0.82710683
14,rugăm contactați,0.82617044
14,agerpres rugăm,0.82604253
14,secțiunea,0.82570416
14,citiți,0.82539797
14,conținutul website,0.824404
15,biroului electoral,0.8746494
15,alegerea președintelui,0.86151284
15,președintelui româniei,0.86150014
15,secțiile votare,0.8607514
15,electorale județene,0.85958993
15,autoritatea electorală,0.8593635
15,buletinele vot,0.85538626
15,președintele autorității,0.85447466
15,ordinea candidaților,0.8541833
15,tur alegerilor,0.8536562
15,președintele aep,0.850539
15,votării,0.8465643
15,electorale permanente,0.8452537
15,curții constituționale,0.8431586
15,constituțională româniei,0.84275687
16,scandalul nordis,0.8516337
16,judecatorul,0.8407469
16,comisiei juridice,0.83977795
16,infractiunilor,0.8338971
16,sorin grindeanu,0.83150387
16,insolvență,0.8301839
16,liderii psd,0.82870746
16,avionul,0.8278044
16,siguranța națională,0.826748
16,laura vicol,0.8247105
16,insider politic,0.824034
16,dezvoltatorii imobiliari,0.8213718
16,ciorbă,0.8211557
16,drepturi libertati,0.8203084
16,plătit,0.8178537
17,consilierul prezidențial,0.82524455
17,delegației,0.8251415
17,președintele interimar,0.82442904
17,administrației trump,0.8224439
17,poziția româniei,0.8222704
17,anularea alegerilor,0.8199931
17,americană,0.8060826
17,republicanul,0.8025633
17,eliminării,0.79903907
17,camera reprezentanților,0.79773116
17,potrivit informațiilor,0.7975124
17,retragerea trupelor,0.7961915
17,româniei programul,0.79585254
17,întâlniri,0.7954551
17,îngrijorări,0.7944859
18,antonescu candidatul,0.85571843
18,candidatul coaliției,0.84713
18,candidatul comun,0.8399687
18,liderul pnl,0.83970356
18,unic coaliției,0.83383363
18,prezidențiale luna,0.83066595
18,coaliție,0.8292681
18,crin antonescu,0.8282263
18,ședință coaliției,0.82735956
18,bolojan liderul,0.8196173
18,rămâne premier,0.818321
18,candidatura cotroceni,0.8178682
18,candidaturii crin,0.8170943
18,data alegerilor,0.8152381
18,consiliul național,0.8114742
19,consiliul județean,0.85492074
19,primarul,0.84565115
19,listele candidați,0.84129167
19,pnl bihor,0.8365203
19,președintele cj,0.8361455
19,vicepreședinți,0.8346969
19,județul alba,0.83388674
19,camera deputaților,0.83290243
19,președintele pnl,0.82799023
19,organizației,0.8267267
19,sprijinului politic,0.8262031
19,municipiului oradea,0.825225
19,voturi totalul,0.8246984
19,comunei,0.8242282
19,locale iunie,0.82343835
20,comisiei europene,0.8601699
20,președinta comisiei,0.859001
20,europeană,0.8569758
20,funcția comisar,0.83698225
20,vicepreședinte,0.8356894
20,socialiștilor,0.8312236
20,județeană,0.82847893
20,conferențiar,0.8275192
20,europene ursula,0.8268883
20,fondurilor,0.82480717
20,ministerul culturii,0.824486
20,portofoliul,0.8234376
20,istorice,0.8230043
20,partea româniei,0.8219381
20,partidului popular,0.8192012
21,primăria sector,0.8676502
21,partidul ecologist,0.8366943
21,popescu piedone,0.833024
21,imunității parlamentare,0.83286595
21,general nicușor,0.83242637
21,sectoarele,0.8302641
21,următoarele situații,0.8281994
21,dreapta unită,0.82559764
21,educației,0.82541686
21,revizuirii constituției,0.8250377
21,firmă,0.82354206
21,simona spătaru,0.8220803
21,bucurești,0.8220415
21,propuneți,0.82121235
21,proiect lege,0.81960034
22,secții votare,0.88526404
22,buletinul vot,0.8604758
22,votarea străinătate,0.85864234
22,autorității electorale,0.8582462
22,votării,0.85797286
22,votul corespondență,0.8572111
22,votare organizate,0.8528484
22,ziua alegerilor,0.85141325
22,electorală permanentă,0.8467723
22,alegătorul,0.8458057
22,ora locală,0.8413388
22,registrul electoral,0.8401137
22,vot ora,0.8389171
22,sediul secției,0.83886546
22,vot diaspora,0.8380878
23,simion președintele,0.87812227
23,prezidențiale george,0.8508611
23,candidatul prezidențial,0.85030615
23,candidatul aur,0.8494359
23,presedintia romaniei,0.8465536
23,prezidențiale declarat,0.842425
23,candidatul călin,0.84050614
23,formulă guvernare,0.8394048
23,georgescu funcția,0.83755517
23,afirmă liderul,0.8374084
23,afirmat georgescu,0.8348105
23,alegerilor anticipate,0.83339095
23,partidul alianța,0.83284616
23,ajunge președinte,0.83237064
23,simion candidat,0.83201003
24,legilor justiției,0.85522366
24,ministrul justiției,0.8533202
24,magistraților,0.8520367
24,sistemul justiție,0.8498961
24,procedură penală,0.8446895
24,șeful statului,0.8409973
24,corupției,0.83927155
24,codul penal,0.8341939
24,știrile pro,0.8341608
24,modificări,0.83381605
24,raportul,0.83220994
24,referendumul,0.8321573
24,infracțiuni,0.83215356
24,recomandările,0.8305631
24,comisia veneția,0.83040166
25,președintele partidului,0.8466809
25,liderul aur,0.8340837
25,consiliului,0.83347774
25,partidului alianța,0.8332666
25,suspendat funcție,0.8310505
25,târziu președintele,0.8297876
25,târziu aur,0.8273722
25,europarlamentarul,0.8265577
25,formațiunea politică,0.82535064
25,național conducere,0.82175374
25,conducerii,0.82131433
25,aur claudiu,0.8210827
25,unirea românilor,0.82088876
25,partidului george,0.8200923
25,numărul partid,0.819473
26,votanții,0.8276243
26,candidatul crin,0.82544374
26,prezidențiale arată,0.8205296
26,datele sondajului,0.82019615
26,puncte procentuale,0.79909205
26,ponta nicușor,0.7988386
26,simion conduce,0.79629815
26,alianței românia,0.79621136
26,eșantion respondenți,0.79564303
26,scenariul,0.79430735
26,sondajul,0.78853977
26,potrivit cercetării,0.7876354
26,digitală,0.7864932
26,finală,0.7858829
26,arată datele,0.78566456
27,cursa prezidențiale,0.8448856
27,anamaria gavrilă,0.8353311
27,președinta,0.8329321
27,candidatul clasat,0.8298678
27,înregistrarea candidaturilor,0.8293768
27,judecătorilor constituționali,0.82793546
27,scrutinul,0.82459015
27,respins contestațiile,0.82441974
27,șeful aur,0.8227134
27,candidaturi,0.8212484
27,jurnaliștii,0.8206758
27,șefa anamaria,0.8189504
27,partidul oamenilor,0.8159354
27,sociologul,0.81391346
27,poliția,0.8123121
28,comunitatea maghiară,0.85875046
28,maghiarilor,0.8552462
28,premierul ungariei,0.8532892
28,președinte udmr,0.85061705
28,limba maghiară,0.8449117
28,întrebat părere,0.8344995
28,minorității,0.8309989
28,udmr obținut,0.8303547
28,vicepremierul,0.830088
28,comunității,0.8265108
28,maghiar,0.8251271
28,instituția,0.82260495
28,uniunii democrate,0.8202996
28,județele,0.819319
28,avocat poporului,0.81903255
29,consiliului european,0.84819835
29,euronews românia,0.847968
29,trump președintele,0.8404689
29,israelul,0.83941656
29,războiului,0.8284101
29,ministerul energiei,0.82802814
29,miniștrilor externe,0.82711077
29,sancțiuni,0.82101953
29,potrivit agenției,0.82009614
29,relatează afp,0.81924534
29,știrilor merită,0.8186856
29,românia aduce,0.81852126
29,citește declarațiile,0.8152465
29,electrică,0.8151252
29,clienți,0.8143969
30,parlamentul european,0.8638164
30,alegerilor parlamentare,0.86081874
30,pragul electoral,0.8567167
30,voturi aur,0.84872264
30,alegătorii,0.8484894
30,votează,0.8473066
30,voturi psd,0.84598696
30,partidul românia,0.84522843
30,partidul sos,0.8431513
30,europarlamentare,0.83825386
30,partidul oamenilor,0.8365346
30,orașelor,0.83104897
30,noului parlament,0.8306558
30,deputați senatori,0.82988536
30,partide,0.8292849
31,partidului ecologist,0.84550524
31,dezbatere publică,0.84174013
31,intrat politică,0.84061205
31,cioloș declarat,0.83561724
31,dacian cioloș,0.83498967
31,singur partid,0.8327037
31,liderul usr,0.8285755
31,românia împreună,0.8266772
31,fostul premier,0.826638
31,politica partid,0.82579815
31,experiența profesională,0.82367766
31,subvențiile,0.82222754
31,citește spus,0.8216977
31,europarlamentari,0.821267
31,propuneri legislative,0.81963015
32,campanie nicușor,0.8419955
32,competiția electorală,0.8419666
32,biroul electoral,0.8377398
32,susținerea candidat,0.83694977
32,șefei usr,0.83476204
32,electorală tur,0.8337015
32,usr partidul,0.83220804
32,candidatului independent,0.83162045
32,propagandă,0.82938325
32,scandalul usr,0.82445335
32,usr nicușor,0.82249856
32,decizia biroului,0.8198118
32,atât partidul,0.81857467
32,facă campanie,0.818388
32,niciun candidat,0.8182701
33,președintele ales,0.8493494
33,câștigarea alegerilor,0.8427458
33,președintele ucrainei,0.8315353
33,prezidențiale transmis,0.8311002
33,arată nicușor,0.8302024
33,candidatul independent,0.8286445
33,dan câștigarea,0.82364595
33,românia românii,0.8197192
33,victoria nicușor,0.8179394
33,consiliului european,0.8153744
33,președinta parlamentului,0.81501245
33,felicitări,0.8125913
33,voturi george,0.8103026
33,electorale permanente,0.8088703
33,spus final,0.8074558
34,bolojan președintele,0.8544615
34,președinte interimar,0.85036045
34,mandat președinte,0.8297924
34,ședința conducerii,0.82946205
34,biroului permanent,0.82349885
34,news președintele,0.82263213
34,conducerii partidului,0.8215745
34,funcționarilor,0.8209009
34,grupurile parlamentare,0.8166144
34,senatului,0.8158532
34,reorganizării,0.8153159
34,eficienței,0.81328344
34,interimar pnl,0.8127543
34,bolojan precizat,0.8116636
34,autoritățile locale,0.8115964
35,procurorul,0.86022985
35,infractiunilor,0.8467631
35,casatie justitie,0.84276533
35,rechizitoriul,0.8420355
35,inchisoare,0.8391489
35,drepturi libertati,0.8337183
35,inculpat,0.82916254
35,contractului,0.82805204
35,inalta curte,0.8278347
35,codul procedura,0.8271938
35,parchetului,0.82677644
35,achitarea,0.8237639
35,dispozitive,0.8235649
35,autorizat,0.8230144
35,radu marinescu,0.82185423
36,ministerul investițiilor,0.8598341
36,ministerul muncii,0.8460271
36,funcția ministru,0.84503305
36,programul guvernare,0.84412587
36,ministerul justiției,0.8435613
36,psd ministerul,0.8421796
36,ministerul culturii,0.837942
36,miniștri,0.8367876
36,specialitate parlamentului,0.83585596
36,ministerele,0.8316094
36,premierul desemnat,0.82649434
36,investițiilor proiectelor,0.8248186
36,portofoliului,0.82345617
36,finanțele,0.82328904
36,comisiilor,0.8208748
37,partidului aur,0.8632675
37,grupării,0.84352434
37,formațiunii politice,0.8428782
37,fascistă,0.8424165
37,alegerile parlamentul,0.8417063
37,tânăr,0.8364301
37,recrutează,0.8352922
37,extremist aur,0.8322617
37,interdicția,0.83130705
37,membrii,0.8286318
37,acțiuni,0.8279606
37,publicării articol,0.82756007
37,dumitru coarnă,0.8255531
37,încurajați,0.8254989
37,familiei tradiționale,0.82426476
38,antonescu candidatul,0.8448422
38,prezidențial,0.8363104
38,crin antonescu,0.821146
38,coaliției alegerile,0.8163879
38,băsescu pdl,0.8129765
38,guvernare crin,0.81233656
38,româniei nato,0.811936
38,relațiile internaționale,0.80893195
38,adopțiilor,0.8032557
38,parteneriatului strategic,0.80097425
38,recomandă funcția,0.7971498
38,tranzacție,0.79383576
38,devenit liderul,0.7921409
38,urma anulării,0.79100156
38,cheltuielile militare,0.790975
39,secțiile votare,0.86311233
39,procesul electoral,0.8388343
39,susținătorii,0.8310196
39,partidul extremist,0.8272661
39,fraudă,0.8254067
39,venit vot,0.82399833
39,români străinătate,0.8212714
39,telecomunicații speciale,0.81962585
39,pierde alegerile,0.8187789
39,turismul,0.8174881
39,există continuare,0.8169745
39,aur acuză,0.81542164
39,observatorii,0.8112655
39,permanentă aep,0.8106747
39,regimurilor,0.8106322
40,voturi nicușor,0.8671453
40,alegeri prezidențiale,0.85692835
40,numărătoarea voturilor,0.8549938
40,voturilor,0.84949636
40,votul diaspora,0.84947366
40,români votat,0.8489225
40,câștigă alegerile,0.8484193
40,voturi decât,0.84825826
40,votanți,0.84494
40,alege președintele,0.84429157
40,simion nicușor,0.8438575
40,voturi exprimate,0.8431115
40,simion voturi,0.84273046
40,obținut voturile,0.83983314
40,rezultate alegeri,0.8385349
41,conducerea psd,0.85602224
41,șefia partidului,0.8388129
41,coaliții guvernare,0.82992846
41,mandatul președinte,0.8226361
41,consiliilor județene,0.82171416
41,psd numără,0.81937945
41,viitorul președinte,0.8177159
41,ședința,0.8162364
41,partea consiliului,0.8160143
41,secretarului general,0.8149947
41,președintele organizației,0.81412375
41,demisia șefia,0.8124583
41,actualul lider,0.812112
41,prezidențiale marcel,0.81122327
41,președinții,0.810263
42,simion candidatul,0.86683404
42,contracandidatul nicușor,0.8604181
42,prezidențiale george,0.8447565
42,noul președinte,0.84328437
42,câștigătorul,0.8367909
42,alegerilor candidatul,0.83542645
42,liderul aur,0.8336593
42,făcut râs,0.8324009
42,pierdut alegerile,0.83021104
42,alianței unirea,0.82846916
42,internauți,0.8278092
42,declarat simion,0.82729924
42,susținătorilor,0.824638
42,voința poporului,0.8227569
42,partidului extremist,0.8222631
43,dianei șoșoacă,0.86542577
43,șoșoacă anunțat,0.8577585
43,partidul sos,0.8488166
43,alegerea președintelui,0.83995205
43,jurnalistă,0.83583033
43,respingerea candidaturii,0.8336172
43,biroul electoral,0.8320652
43,parlamentul european,0.8316591
43,respinsă ccr,0.8297305
43,declarat europarlamentarul,0.8296987
43,fața sediului,0.8296815
43,sos românia,0.8292399
43,curtea constituțională,0.828925
43,consilier parlamentar,0.8270069
43,șefa,0.8245268
44,bolojan președintele,0.85886335
44,președintele interimar,0.85188746
44,președinte guvern,0.8410982
44,subliniat președintele,0.8297186
44,românia situație,0.8249172
44,prezidențiale afirmat,0.8247109
44,premier alegerile,0.82200396
44,marți președintele,0.8191712
44,politică spune,0.817791
44,inclusiv partidul,0.813601
44,voință politică,0.81008327
44,majoritatea parlamentară,0.8099514
44,explicat bolojan,0.80819625
44,responsabilității,0.8079301
44,candidat funcția,0.80783606
45,președintele ucrainei,0.8675339
45,ucrainei volodimir,0.8345572
45,kremlinul,0.8281839
45,invazia rusă,0.82346845
45,șeful diplomației,0.8146156
45,vladimir putin,0.8141973
45,liderii europeni,0.8133532
45,președintele american,0.8112611
45,ucraina,0.8071162
45,războiului,0.80490583
45,aliații,0.80402076
45,negocierile,0.80315804
45,rusiei,0.80197394
45,încetare focului,0.79921466
45,armistițiu,0.79877806
46,administrației trump,0.8433183
46,președintele interimar,0.8354944
46,guvernului româniei,0.83421636
46,diaspora românească,0.8301662
46,atribuțiile președintelui,0.82777417
46,ambasadorul,0.8234083
46,americană,0.82110703
46,premierul marcel,0.81794846
46,serie declarații,0.81643385
46,dragoș sprînceană,0.81606746
46,președinte traian,0.8138113
46,răspuns ciolacu,0.8121786
46,ministrul spus,0.811537
46,mediul politic,0.81111395
46,relația sua,0.8110417
47,fostului președinte,0.83535695
47,republicană,0.83327425
47,politicianul,0.8286201
47,donald trump,0.8282416
47,trump declarat,0.8201299
47,soția,0.81848717
47,citește avere,0.8177744
47,bogați,0.81654
47,casa albă,0.8159836
47,reședința,0.81352234
47,milioane dolari,0.8109839
47,percheziția,0.80841374
47,religioase,0.80841273
47,unite americii,0.8074992
47,golful,0.80652905
48,pensie specială,0.87516356
48,legea pensiilor,0.872916
48,bugetului stat,0.85921955
48,plenul senatului,0.8585489
48,pensiile,0.8550571
48,semnată parlamentari,0.8497581
48,asigurărilor,0.8490559
48,pensionarii,0.8481338
48,votul moțiunii,0.8453771
48,indemnizație,0.84255016
48,senatorul,0.842453
48,militarilor,0.8414092
48,ministrului muncii,0.84007967
48,parlamentari aur,0.83901954
48,rata inflației,0.8386272
49,vârsta pensionare,0.8612703
49,pensiilor serviciu,0.8589077
49,pensionării,0.85833216
49,judecatorilor,0.8497879
49,pensiile speciale,0.8491935
49,magistrații,0.8479632
49,pensionarii,0.84729606
49,pensiei,0.8460431
49,magistratură,0.84502876
49,superior magistraturii,0.844538
49,judecătorești,0.841943
49,sistemul judiciar,0.8409041
49,casație justiție,0.8407446
49,pensie ani,0.83565253
49,parlament proiect,0.834065
50,psd primăria,0.8516431
50,alegerile locale,0.85003936
50,europarlamentare,0.84132665
50,cursa primăria,0.84029984
50,fostul primar,0.8378756
50,ministerului muncii,0.8367386
50,bucureșteni,0.83621955
50,funcția primar,0.8359549
50,acuzațiilor,0.8308206
50,președinte organizației,0.8254448
50,conducere partid,0.8251103
50,demisionat funcția,0.8248818
50,derulează,0.82245755
50,aflate administrarea,0.82212055
50,comitetul executiv,0.8219025
51,prezidențiale mircea,0.8460716
51,președinția româniei,0.8418677
51,mircea geoană,0.83807695
51,președinte senatului,0.83599365
51,geoană întrebat,0.835135
51,candidatură,0.8298552
51,diplomație,0.8280121
51,secretarul general,0.827783
51,academia științe,0.81958544
51,românia privește,0.81684875
51,vizită,0.81321234
51,ministru externe,0.80870736
51,legătură directă,0.8063682
51,fostul adjunct,0.80625224
51,nato mircea,0.80624616
52,antonescu candidatul,0.87165976
52,prezidențiale crin,0.86864895
52,candidatul coaliției,0.8607266
52,candidatul prezidențial,0.8589834
52,alianței alegerile,0.8497803
52,candidatul comun,0.84647727
52,coaliției prezidențiale,0.84575075
52,spus antonescu,0.84511936
52,prezidențiale declarat,0.8432718
52,candidatura președinție,0.84313583
52,susținătorii călin,0.8429942
52,antonescu urmărește,0.8427258
52,crin antonescu,0.8408717
52,antonescu răspuns,0.8394071
52,spune politicienii,0.8365693
53,procurorii anticorupție,0.8565416
53,săvârșirea infracțiunii,0.8481232
53,percheziții,0.8479119
53,controlului judiciar,0.8457381
53,organizației municipale,0.8451545
53,arestarea preventivă,0.8421187
53,inculpatul,0.8420628
53,publicității,0.8389137
53,senatorului,0.83747673
53,acțiunii penale,0.83579475
53,urmăririi,0.8349397
53,presa locală,0.8343682
53,integritate,0.83158326
53,județul constanța,0.8286974
53,tranzacții,0.8284395
54,scorul partidului,0.8365803
54,prezidentiala,0.82939374
54,voteaza,0.82831705
54,castiga alegerile,0.82758796
54,doua partide,0.8254076
54,clasa politica,0.8202811
54,intrebare,0.81573844
54,organizatii,0.81519175
54,mateescu,0.8137678
54,nenorocit,0.81107736
54,dansul,0.80388343
54,romania,0.80182636
54,nicusor dan,0.801767
54,candidati,0.80135214
54,decat,0.8011271
55,alegerile europarlamentare,0.86499834
55,știrile zilei,0.8481924
55,echipa știrile,0.8350013
55,relevante importanți,0.8302177
55,cetățenilor informații,0.8290323
55,listele alianței,0.82889134
55,loc parlamentul,0.82286215
55,politicieni candida,0.82227874
55,lista partid,0.8218058
55,ștampila,0.82174224
55,recorder puteți,0.82075226
55,recomandă,0.81882894
55,pregătire remarcat,0.8184851
55,numele portretul,0.8181726
55,lista comună,0.8173645
56,clinică,0.85456234
56,manager spitalului,0.8474625
56,cîrstoiu,0.8444267
56,medicul cătălin,0.8437617
56,ministerul sănătății,0.8420781
56,candidatul primăria,0.84151757
56,doctorul,0.83786106
56,spital,0.8371483
56,primăria bucurești,0.8319819
56,pacienți,0.8272028
56,altă firmă,0.821337
56,confidențialității,0.8207584
56,declarația avere,0.81698227
56,sănătății,0.81499094
56,incompatibilitate,0.81410813
57,redacția modera,0.84345686
57,comentariile renunțînd,0.84182084
57,comenteze subiectele,0.840693
57,comentarii precizare,0.83530605
57,afectat redacția,0.83222675
57,contradictorii publicația,0.8311345
57,persoană vulgaritățile,0.829684
57,publicația,0.82831347
57,bucuroși comentatori,0.8252821
57,evite atacurile,0.82502884
57,ziarul cotidianul,0.82493126
57,discriminatorii,0.8244369
57,invită cititorii,0.82416785
57,atacurile persoană,0.82342
57,cititorii evite,0.8219394
58,declarația avere,0.8454392
58,europarlamentar,0.84349597
58,milioane euro,0.84029734
58,valoare euro,0.8348803
58,deține terenuri,0.83294773
58,soțul,0.8327806
58,colecție,0.8320203
58,bijuterii,0.8308032
58,horațiu,0.82864624
58,tablouri,0.8277841
58,spații comerciale,0.8270278
58,bani conturi,0.82558477
58,pătrați,0.823901
58,apartament mp,0.82189244
58,casă,0.82072276
59,candidații prezidențiale,0.8419054
59,federației ruse,0.8398977
59,parlamentul european,0.8362515
59,euronews românia,0.8311363
59,marea problemă,0.8287907
59,avertizează,0.82733965
59,război,0.8257394
59,roșia montană,0.82230574
59,statul paralel,0.8211615
59,guvern ciolacu,0.8209491
59,neutralitatea,0.8201058
59,rezumat știrilor,0.8180363
59,republica moldova,0.8179281
59,radu mazăre,0.81792474
59,dianei șoșoacă,0.81749237
60,ministerului educației,0.86838603
60,profesorul,0.85590506
60,academică,0.85483575
60,fostului ministru,0.84611464
60,diplomelor,0.8446454
60,plagiatul,0.8432256
60,științifice,0.8422272
60,consiliul național,0.8417698
60,universitatea,0.838166
60,poliție,0.83776605
60,premierului nicolae,0.8365673
60,teză,0.83640635
60,lucrării,0.8354509
60,comisia etică,0.8348025
60,tezei doctorat,0.8342628
61,inflației,0.8704214
61,băncii naționale,0.85743177
61,banca centrală,0.8572885
61,financiară,0.8530088
61,aurului,0.8452096
61,trimestrul,0.8441334
61,datoriile,0.84097826
61,împrumută,0.8403108
61,ratingului,0.83944786
61,naționale româniei,0.8388015
61,clienților,0.8363572
61,lei euro,0.83506775
61,anuală,0.8305232
61,scădere,0.83042204
61,dobânzile,0.83022714
62,georgescu călin,0.8524442
62,președintele trump,0.8495941
62,georgescu interviu,0.8484546
62,președinție călin,0.8403405
62,fostul candidat,0.8350273
62,globaliștilor,0.8339511
62,statul paralel,0.83351123
62,spus călin,0.8325222
62,interviului,0.82576275
62,interferențe,0.81876403
62,întâmplat,0.81013095
62,singura șansă,0.8097806
62,războiul,0.8093919
62,față poporul,0.8082602
62,câștigase,0.8079612
63,antonescu președinte,0.86329854
63,crin antonescu,0.8488186
63,președinte senatului,0.8428168
63,antonescu candidat,0.8424053
63,pnl antonescu,0.8365697
63,antonescu întrebat,0.8332675
63,antonescu fostul,0.8320882
63,candidatul coaliției,0.8297399
63,afirmat antonescu,0.8283089
63,antonescu ani,0.82822555
63,domnul crin,0.8271377
63,viața politică,0.82592356
63,fostul lider,0.82591915
63,președinte pnl,0.8258014
63,demiterea președintelui,0.8207706
64,georgescu călin,0.8580687
64,votanții călin,0.85670817
64,soția candidatului,0.8501695
64,georgescu votat,0.84781635
64,georgescu soția,0.8433951
64,analistul politic,0.83965075
64,primului,0.8327881
64,militară,0.83139986
64,intervievați,0.83104384
64,soția călin,0.8306364
64,independentul,0.82915807
64,tur alegerilor,0.8285996
64,sociologul,0.82423806
64,primele declarații,0.8240526
64,spus călin,0.82392716
65,fiscală,0.8653468
65,ședința coaliției,0.86181235
65,guvernul cioloș,0.8515694
65,ministrul finanțelor,0.85100996
65,creșteri taxe,0.84913343
65,pensiilor,0.84564036
65,cuvânt guvernului,0.8434433
65,bugetul stat,0.8419759
65,finanțe,0.8394238
65,penalități,0.837852
65,premierul ciolacu,0.83675796
65,reducerea deficitului,0.83655024
65,modificările,0.83525115
65,transparență,0.83141756
65,executivului,0.82961637
66,propagandă electorală,0.8789249
66,autorității,0.8470129
66,alegătorii,0.84664595
66,materiale publicitare,0.84573555
66,publicitatea,0.8446526
66,publicitar politic,0.84391034
66,regulamentul,0.8426269
66,comunicații,0.8417083
66,privind finanțarea,0.8416805
66,campaniei,0.8405249
66,politic făcut,0.83912116
66,sancționează amendă,0.83845186
66,indicație,0.8379935
66,republicată modificările,0.83795404
66,electorale permanente,0.8371133
67,bolojan președintele,0.87694526
67,presedinte partidului,0.84745
67,presedinte interimar,0.8465272
67,județean bihor,0.8444779
67,consiliului județean,0.8378896
67,declarat bolojan,0.83441865
67,ilie bolojan,0.8306345
67,pnl bihor,0.8295542
67,bihoreanul,0.8285545
67,echipa conducere,0.82846344
67,președinte pnl,0.8267878
67,ciucă liderul,0.8267201
67,sedinta conducerii,0.82584465
67,partidului surse,0.82198405
67,general guvernului,0.8217952
68,alegerile românia,0.8495598
68,ultranaționalist,0.8308108
68,simion susținut,0.82811373
68,politicii externe,0.8241745
68,publicația,0.81911683
68,extremă,0.8191039
68,ucrainei,0.8175305
68,răzvan ungureanu,0.81478536
68,dreapta,0.8147172
68,organizată euronews,0.8136007
68,necondiționată,0.81265193
68,expertul,0.81168056
68,câștigat,0.8096209
68,bucureștiului nicușor,0.8094643
68,cheltuielilor militare,0.8082323
69,ciolacu președintele,0.85370433
69,demisia premierului,0.84924126
69,ieșirea guvernare,0.84461486
69,fruntea guvernului,0.83686316
69,psd rămâne,0.83172715
69,conducerii partidului,0.8311637
69,miniștrii psd,0.8308177
69,ședința conducerii,0.8295171
69,rămână funcție,0.82837784
69,coaliția,0.8270054
69,mandatul premier,0.8245975
69,guvern interimar,0.8237561
69,conducere psd,0.82369554
69,actualul ministru,0.8213779
69,prezidențiale luni,0.8202268
70,susținuți cititorii,0.8670857
70,realitatea jurnalismul,0.8514798
70,pressone diferența,0.8429116
70,susții sumă,0.8425716
70,redacției,0.83887565
70,facem reportaje,0.83882594
70,continuăm lupta,0.83799314
70,pagina susține,0.8372177
70,corecți rămas,0.83611834
70,dependență rând,0.8360499
70,corupției plagiatelor,0.8354291
70,jurnaliști corecți,0.83531404
70,dezinformării poluării,0.8349415
70,aer încurajări,0.8321389
70,poți,0.832095
71,propunerea legislativă,0.83581626
71,șeful statului,0.834983
71,președintelui klaus,0.83483964
71,senatorilor deputaților,0.83454525
71,consiliul legislativ,0.8325844
71,homepage președintele,0.8324375
71,legea electorală,0.83117366
71,parlamentarii pnl,0.82541883
71,ședința biroului,0.8228521
71,alianțe politice,0.82257426
71,listele partid,0.8221134
71,candida alegerile,0.8212067
71,mobilizeze electoratul,0.8208696
71,decizie privința,0.815948
71,încheia mandatul,0.8159105
72,coaliția guvernare,0.85228395
72,președintele psd,0.8519264
72,ciolacu ședința,0.83985764
72,vicepreședintele,0.8342343
72,consiliul politic,0.82737947
72,premier spus,0.8271714
72,ciolacu își,0.8262892
72,tudose președintele,0.8258561
72,funcția premier,0.82494634
72,rămâne ministru,0.82331353
72,demisionat conducerea,0.8232454
72,prezidențiale afirmat,0.82205915
72,psd înapoi,0.8220475
72,guvern dreapta,0.822041
72,româniei liderii,0.82126224
73,cancelar germaniei,0.8397192
73,germania afd,0.82869005
73,partidul extremă,0.8239333
73,refugiaților,0.8205783
73,migrație,0.81906235
73,alternativa germania,0.8187248
73,parteneri guvernare,0.8175998
73,acordul coaliție,0.81506634
73,conservatorii,0.81437063
73,noul guvern,0.8130953
73,dreapta,0.8130786
73,inferioară,0.8084752
73,alegerile legislative,0.80540377
73,ministră,0.80258435
73,dependenței,0.799246
74,deficitul bugetar,0.87117946
74,inflația,0.8463547
74,economia româniei,0.84421855
74,investițiile,0.83998066
74,financiară,0.83995235
74,măsuri fiscale,0.8387032
74,reduce deficitul,0.83838105
74,creșterea veniturilor,0.83557713
74,datoria publică,0.83394223
74,ministrul finanțe,0.8317037
74,estimările,0.8286258
74,taxe impozite,0.8280077
74,trimestrul,0.82729673
74,exporturile,0.82724845
74,cheltuieli,0.82637817
75,georgescu acuzat,0.8524689
75,călin georgescu,0.85238135
75,infracțiuni genocid,0.84280515
75,percheziții,0.8409993
75,controlul judiciar,0.8334475
75,fostul candidat,0.8303261
75,finanțare campaniei,0.8252765
75,instigare acțiuni,0.8250776
75,săvârșirea infracțiuni,0.8245168
75,fals declarații,0.8235939
75,crime război,0.8235274
75,interdicții,0.82018065
75,poliție,0.8198143
75,acuzațiile aduc,0.8171019
75,constituționale comunicarea,0.8150159
76,migrației,0.8417071
76,spațiul schengen,0.8353993
76,româniei spațiul,0.83193743
76,aderarea româniei,0.83103013
76,intrării,0.82788104
76,eurodeputatul,0.82481134
76,european premierul,0.8243185
76,comisia europeană,0.8215445
76,românia bulgaria,0.82109463
76,președinția consiliului,0.81756973
76,președintele parlamentului,0.8170607
76,există plan,0.815109
76,ministrul propus,0.814193
76,sfârșitul an,0.8140038
76,afacerilor interne,0.8122604
77,bucuroși comentatori,0.8341328
77,vorbit nicușor,0.83074784
77,subiectele articolelor,0.8295322
77,afectat redacția,0.82913536
77,modera comentariile,0.827243
77,discriminatorii invită,0.82659125
77,precizare ziarul,0.82494414
77,contradictorii publicația,0.8238182
77,vulgaritățile atitudinile,0.8234799
77,zelenski anunțat,0.8234795
77,etnie maghiară,0.82134795
77,cotidianul își,0.82066745
77,inclusiv comunității,0.81832933
77,atacurile persoană,0.8173467
77,publicația roagă,0.81732786
78,muzeului,0.83264637
78,expoziții,0.8304367
78,ministerul culturii,0.8189502
78,specialiștii,0.8181694
78,tezaurului,0.8176267
78,prețioase,0.81759065
78,academiei române,0.8175847
78,suspecți,0.81639373
78,poliția,0.8159336
78,descoperită,0.81151533
78,furtul,0.80745006
78,fața locului,0.80611587
78,aparținut,0.8050367
78,hoții,0.80413485
78,instituții publice,0.8039012
79,judecatoare,0.86434597
79,ministrul justitiei,0.85791856
79,judiciare,0.8570493
79,lumea justitiei,0.8565918
79,superior magistraturii,0.85276836
79,judecători,0.8405865
79,presedinte,0.8390051
79,tribunalul,0.8355315
79,consiliul superior,0.82852995
79,sindicatului,0.82806396
79,functia vicepresedinte,0.8280214
79,presedinta,0.82021654
79,prelungirea,0.8190297
79,hotarare,0.818797
79,magistrat,0.8179088
80,candidatul călin,0.85916984
80,călin georgescu,0.8515607
80,georgescu alegerile,0.8493885
80,candidatură,0.8348236
80,cazul călin,0.83349985
80,democrația,0.83321553
80,curții constituționale,0.83306754
80,biroul electoral,0.83303595
80,georgescu ridicat,0.8298525
80,contestațiile,0.8288709
80,decizia ccr,0.82720387
80,respecte constituția,0.82509005
80,privind candidatura,0.8249583
80,urmărit penal,0.8211578
80,înregistrarea respingerea,0.82063866
81,prezidențiale ciolacu,0.8648839
81,președintele psd,0.8482398
81,antonescu președinte,0.8442879
81,electoratul psd,0.8423672
81,psd menționat,0.8358395
81,candidat decât,0.832387
81,prezidențiale moment,0.82888234
81,antonescu spune,0.8201602
81,psd întrebat,0.8195756
81,partidului precizat,0.8187927
81,ajunge președintele,0.8184464
81,psd premierul,0.8179513
81,ședința consiliului,0.8160734
81,ciolacu afirmat,0.81550646
81,fața susținătorilor,0.81506187
82,incompetenței,0.8459189
82,județul mureș,0.8436426
82,imunității parlamentare,0.8416662
82,administrația națională,0.83778846
82,politizarea,0.83072263
82,funcții conducere,0.8296393
82,statului român,0.82922274
82,apele române,0.827809
82,angajatorul,0.8273219
82,înregistrări,0.82654625
82,maghiară,0.825899
82,liceului,0.82374656
82,propuneți,0.82156116
82,specialitatea,0.8198253
82,proiect legislativ,0.81817937
83,prezidențială,0.8282111
83,liderul aur,0.8151103
83,amenințările,0.81277966
83,ediția,0.81071883
83,alegerile duminică,0.80707633
83,românia află,0.8048831
83,voturi tur,0.8036102
83,istoria recentă,0.80334216
83,invitați,0.79812646
83,rețelele sociale,0.79743797
83,anamaria gavrilă,0.79688585
83,simion intrat,0.7901455
83,legionare,0.78614235
83,virală,0.785812
83,traian băsescu,0.7852621
84,simion candidatul,0.86056757
84,ziariștii,0.8341377
84,alegeri anticipate,0.83222175
84,liderul aur,0.8290317
84,prezidențiale făcut,0.8272829
84,interviul,0.82184064
84,uniune națională,0.82029635
84,susține candidatul,0.81611216
84,actorul,0.8149242
84,votul încredere,0.8138987
84,românia george,0.8133092
84,premier călin,0.8105585
84,blogul personal,0.8092366
84,organizată euronews,0.80921805
84,sediul partidului,0.8090813
85,ședinței guvern,0.86232436
85,ministerului dezvoltării,0.8610897
85,bugetare,0.8539474
85,planului național,0.85285866
85,ministerul muncii,0.8513266
85,finanțare,0.8484647
85,proiect hotărâre,0.8465459
85,guvern privind,0.84613943
85,digitalizării antreprenoriatului,0.8455141
85,dezvoltare locală,0.84438205
85,proiectele,0.8439008
85,cadrul programului,0.84369123
85,ordonanță urgență,0.8415682
85,privind aprobarea,0.8389108
85,administrarea,0.83866346
86,președinte partidului,0.8540735
86,candidat președinția,0.84714663
86,șefia pnl,0.8448795
86,liberalilor,0.8448466
86,președintelui klaus,0.8335052
86,alegerile interne,0.8329825
86,politologul andrei,0.82753706
86,eurodeputatul,0.82302284
86,actul guvernare,0.822006
86,congresul,0.8190391
86,orban afirmat,0.8189952
86,delegați,0.8138121
86,acuzat corupție,0.81339777
86,florin cîțu,0.80953443
86,anticipează,0.80920756
87,rectorul universității,0.85614574
87,educației daniel,0.8556466
87,ministerul educației,0.85369396
87,educației cercetării,0.8473195
87,prezidențiale daniel,0.84554744
87,examenul bacalaureat,0.8398634
87,electorală prezidențiale,0.8371784
87,speculații,0.8370247
87,academiei române,0.83543885
87,psihologilor,0.8327358
87,evaluarea,0.83019733
87,știință,0.82933855
87,președinte asociației,0.8284353
87,ministrul,0.8257411
87,blogul personal,0.82514364
88,rămână guvernare,0.85411537
88,maturitate politică,0.8478816
88,alegerile prezidentiale,0.8438854
88,formațiuni politice,0.8385739
88,guvern minoritar,0.83599836
88,udmr minoritățile,0.8344096
88,opoziție,0.8333901
88,marți parlament,0.8321501
88,majoritate fragilă,0.83071136
88,funcționare guvernului,0.830338
88,președinta usr,0.8221122
88,executivului,0.8207214
88,nivelul conducerii,0.8189876
88,moțiuni,0.8175949
88,deficit bugetar,0.8162073
89,informării publice,0.8768219
89,știrilor agerpres,0.8652628
89,conformitate legislația,0.86123776
89,protejate dispozițiile,0.85831976
89,informațiile transmise,0.8575295
89,secțiunea condiții,0.85731167
89,website informațiile,0.8569953
89,rugăm contactați,0.8565101
89,preluarea știrilor,0.8562604
89,aplicabilă,0.8495697
89,interesați preluarea,0.8480027
89,interzise copierea,0.84778845
89,exploatare,0.8474038
89,teritoriul statului,0.8473815
89,conținutului,0.84692967
90,manifestanții,0.8354412
90,candidaturii călin,0.83395326
90,călin georgescu,0.82823753
90,contestații,0.8223212
90,poliția capitalei,0.8162465
90,participanți,0.80767596
90,continuă,0.8040943
90,piața constituției,0.8037032
90,violenți,0.80351454
90,forțele ordine,0.80313265
90,jandarmeriei,0.80133146
90,universității,0.79922515
90,autocarele,0.79667425
90,văzuți,0.79658973
90,bulevardul,0.795279
91,ciolacu președinte,0.868876
91,marcel ciolacu,0.8289027
91,liderul psd,0.8281744
91,psd ciolacu,0.827678
91,vicepreședintele pnl,0.82651526
91,ciolacu ministru,0.825662
91,comun prezidențiale,0.8253913
91,luni candidatul,0.82106817
91,coaliție,0.8187602
91,europarlamentarul mihai,0.81853557
91,spus ciucă,0.81686664
91,ajunge președinte,0.816402
91,președinte camerei,0.813474
91,domnule președinte,0.81244224
91,ciolacu afirmat,0.810076
92,județean buzău,0.8396955
92,psd buzău,0.8345531
92,președinte psd,0.83171916
92,romașcanu declarat,0.83065987
92,primarul municipiului,0.8266612
92,fostului lider,0.8254981
92,votat românie,0.82196844
92,consiliul politic,0.8214148
92,ales presedinte,0.81997335
92,președinte organizației,0.81950366
92,partidul parte,0.8192373
92,partea româniei,0.81854606
92,lucian romașcanu,0.8161584
92,funcția membru,0.8128104
92,județene partidului,0.8111334
93,președinta usr,0.84443855
93,coaliției alegerile,0.8234414
93,prezidențiale însă,0.8191717
93,bolojan presedintele,0.8169998
93,primari aleși,0.8165222
93,funcția premier,0.81507516
93,premierul marcel,0.81453145
93,intrarea guvernare,0.8134393
93,ciolacu funcția,0.81242454
93,udmr alegerile,0.8102761
93,președinție declarat,0.81026053
93,presedintele pnl,0.807724
93,partidul câștigat,0.8070681
93,lasconi susține,0.8050274
93,candidatul unic,0.80362487
94,miliardarul american,0.8522693
94,prezidențiale românia,0.8324218
94,anularea alegerilor,0.8286985
94,rețelele sociale,0.8282341
94,administrația donald,0.8241863
94,extremă,0.82025886
94,fondatorul,0.820055
94,ministrul externe,0.8170412
94,tarifelor,0.8170079
94,aproximativ miliarde,0.8167409
94,scriu jurnaliștii,0.8154545
94,conversație,0.81504244
94,institutului politici,0.8111657
94,georgescu scris,0.8109183
94,elon,0.80958754
95,prezidențiale nicușor,0.850665
95,coaliție guvernare,0.8405466
95,candidatul independent,0.83419687
95,dan primarul,0.8238722
95,psd nicușor,0.82182014
95,majorități,0.8206601
95,informării publice,0.8193783
95,simion început,0.81730473
95,presă întrebat,0.81595767
95,adăugat nicușor,0.81499773
95,secțiunea condiții,0.8137609
95,preluarea știrilor,0.8137019
95,posibilitatea formării,0.8131453
95,contactați direcția,0.8130643
95,propună,0.81233
96,prezență vot,0.8641259
96,secții votare,0.8608802
96,prezidențiale ora,0.85611933
96,prezidențiale turul,0.8559853
96,votat români,0.8522381
96,tur alegerilor,0.8482796
96,moldova votat,0.8467197
96,voturi față,0.84392715
96,votaseră,0.84089386
96,votat,0.83811307
96,vot diaspora,0.83804816
96,turul prezența,0.83537805
96,români,0.83313453
96,votat ora,0.83023584
96,potrivit datelor,0.8301321
97,minorități,0.86368954
97,asociației,0.85726917
97,propunerea legislativă,0.8543703
97,comisiei cultură,0.85265136
97,consiliul legislativ,0.8505797
97,autonomă,0.8503071
97,legea educației,0.84512585
97,ținutului secuiesc,0.84321105
97,comunismului,0.8424288
97,persoanelor,0.84203124
97,inițiative,0.8413844
97,proiectul adoptat,0.8409546
97,privind statutul,0.8397702
97,ucrainei,0.8383673
97,dezbatere,0.83799756
98,președinția partidului,0.8527712
98,președintele băsescu,0.84223413
98,vicepreședintele,0.8392284
98,consilierul prezidențial,0.8383397
98,februarie președintele,0.83176124
98,conducerea guvernului,0.82894266
98,candidații funcția,0.82788527
98,perspectiva alegerilor,0.8277159
98,pdl vasile,0.82627416
98,filialelor județene,0.82191575
98,secretarul general,0.82080406
98,șefia,0.82065123
98,partidului surse,0.81569386
98,corespondentul mediafax,0.81490016
98,întâlnirea,0.8141698
99,democrația,0.87538946
99,propagandă politică,0.8718592
99,civilă,0.84607095
99,studențești,0.8458346
99,județeană psd,0.84492445
99,sistemului politic,0.84011513
99,potențial,0.8390686
99,gândești,0.836143
99,istoriei,0.83460486
99,compromisuri,0.83326244
99,clasică,0.831453
99,distanța,0.82901275
99,identitare,0.82862794
99,binele comun,0.8282831
99,artă,0.8271707
100,deputatul udmr,0.82392764
100,președintele interimar,0.8113588
100,facă guvern,0.8010149
100,minoritățile,0.79907143
100,desfășurarea,0.7985879
100,ales nicușor,0.7984253
100,monitorul oficial,0.7983922
100,spațiul aerian,0.7968165
100,jurământul fața,0.79672706
100,actul normativ,0.7916748
100,constituirea,0.7912153
100,bolojan discutat,0.78920233
100,legii privind,0.78872013
100,scaune,0.7881603
100,teritoriul statului,0.78683287
101,votanții psd,0.8530137
101,sondajului,0.8399462
101,preferința,0.8348173
101,alianța dreapta,0.8288607
101,stânga dreapta,0.82617104
101,respondenți,0.8255907
101,sociologică,0.8238849
101,întâi alegerilor,0.82016945
101,partid naționalist,0.81963253
101,români cred,0.8178068
101,românia udmr,0.8140369
101,sondajul,0.8113713
101,sondaj inscop,0.8107914
101,eșantionare,0.81023717
101,intenția,0.80991507
102,candidatul susținut,0.82904345
102,opțiunile electoratului,0.81615186
102,votanții călin,0.8120343
102,capitalei voturi,0.8056091
102,datele sondajului,0.8026315
102,independent nicușor,0.7908249
102,predicții,0.7880176
102,românia îndreaptă,0.78691334
102,direcție,0.7861426
102,urmată,0.7850196
102,simion câștiga,0.78397226
102,antonescu victor,0.78042364
102,eșantion respondenți,0.78033674
102,preferă,0.7791634
102,suveraniștilor,0.7763233
103,premierul poloniei,0.8482082
103,candidatul extremist,0.823676
103,ceilalți candidați,0.823291
103,partidul conservator,0.8203905
103,poloneză,0.82030153
103,candidatul formațiunii,0.8188596
103,naționalist,0.8183994
103,actualului președinte,0.81495523
103,justiție pis,0.81484187
103,instanțelor,0.8117756
103,platforma civică,0.80761546
103,procurorii susțin,0.803283
103,obținut voturi,0.8030715
103,deciziilor,0.8019601
103,sondajele,0.8010686
104,alegeri anticipate,0.8350781
104,guvern interimar,0.83294153
104,destabilizare,0.8257961
104,țările vecine,0.82445085
104,serbiei,0.8202357
104,balcanii vest,0.8191258
104,urma protestelor,0.8175587
104,opozitia,0.81721246
104,partidul naționalist,0.8141804
104,șefă,0.8124768
104,studenților,0.8103157
104,arestați,0.8072518
104,bulgar,0.8038904
104,aderarea ue,0.80274534
104,comunelor,0.8023143
105,prezidențială nicușor,0.8581591
105,nicușor dan,0.84362614
105,candidat primăria,0.8390282
105,civică,0.83633447
105,actualul primar,0.8331461
105,avere nicușor,0.83238345
105,matematică,0.82706285
105,salvați bucureștiul,0.8257263
105,urbanismului,0.82076293
105,dan reușit,0.81553054
105,donatorilor,0.81353086
105,moderatorul,0.81345105
105,primăria,0.81308216
105,spațiilor verzi,0.8101401
105,făcut pasul,0.8067408
106,dezbaterea electorală,0.8473791
106,prezidențiale nicușor,0.8337651
106,candidatul aur,0.83282787
106,candidați președinția,0.8282784
106,televiziunii române,0.82331294
106,dezbaterii,0.81999314
106,prezidențială george,0.8158006
106,comunicatul,0.81156206
106,simion nicușor,0.81083566
106,interesul cetățenilor,0.81018174
106,fața jurnaliștilor,0.8101368
106,invitații,0.80989397
106,contracandidatul,0.8094098
106,echipa campanie,0.8086058
106,afirmațiilor,0.80615866
107,lavinia șandru,0.87798697
107,candidatul pusl,0.85762745
107,deputată,0.8517202
107,partidul democrat,0.8311759
107,ministru finanțe,0.82942474
107,facultatea științe,0.82537246
107,senator psd,0.82408845
107,comisia cultură,0.8224234
107,relații internaționale,0.8189372
107,problemele confruntă,0.8184414
107,anunțat candidatura,0.8183596
107,stagiu,0.81720227
107,cadrul conferințe,0.81699467
107,demografică,0.81477803
107,semnificație,0.81446624
108,știrilor agerpres,0.86085105
108,informării publice,0.8600327
108,preluarea știrilor,0.85464394
108,informațiile transmise,0.854555
108,contactați direcția,0.85415715
108,website informațiile,0.85218126
108,știrilor,0.8516923
108,secțiunea condiții,0.84845024
108,publice informațiile,0.8469991
108,total alegătorilor,0.84364897
108,interesați preluarea,0.8421562
108,conținutul website,0.8415133
108,dispozițiile,0.83979213
108,reprezentând,0.8397902
108,conformitate legislația,0.83825207
109,preoților,0.86475754
109,părintele,0.8532151
109,vota nicușor,0.8435925
109,credință dumnezeu,0.8413564
109,bărbat femeie,0.84010494
109,biserică,0.8383756
109,campaniile electorale,0.83710784
109,bisericești,0.83667755
109,spirituală,0.83659303
109,primar comunei,0.83548725
109,independenți,0.83542264
109,ortodoxe,0.83497125
109,responsabilității,0.83458567
109,sfinții,0.8330203
109,consiliul local,0.832428
110,politică externă,0.8559711
110,administrația trump,0.85234416
110,relațiile bilaterale,0.8503275
110,parteneriatul strategic,0.8290677
110,americane românia,0.8231386
110,istoricul,0.8220271
110,rusă,0.82061327
110,analistul,0.81827235
110,românia putea,0.8127197
110,globală,0.8116525
110,fereastră,0.8115348
110,politicii,0.81021225
110,federația rusă,0.80998063
110,ceaușescu,0.8099742
110,uniunea europeană,0.80996305
111,senatorul psd,0.853828
111,ministru justiției,0.85050815
111,guvernul grindeanu,0.8488197
111,fiscală,0.8440101
111,vârful statului,0.84215665
111,direcția generală,0.83997273
111,comisiei etică,0.8387282
111,parteneriatelor strategice,0.8379868
111,viorica dăncilă,0.83649576
111,asociată,0.83343583
111,incompatibilitate,0.8311839
111,biroul permanent,0.8294213
111,foștii colegi,0.82904863
111,șerban nicolae,0.8271402
111,pușcărie,0.82621956
112,ministru sănătății,0.868285
112,fostul ministru,0.852838
112,deputații,0.8510397
112,ridicarea imunității,0.8448684
112,spitalul,0.8439062
112,premierul româniei,0.8432244
112,voiculescu,0.83899105
112,conducerii pnl,0.833904
112,președintele usr,0.83246785
112,vaccinare,0.8314365
112,anchetatorii,0.83131653
112,opinia publică,0.8300859
112,terminarea mandatului,0.82994986
112,luat mită,0.8293241
112,cătălin drulă,0.8266822
113,semnelor electorale,0.83948404
113,alegerea președintelui,0.836714
113,înregistrării candidaturilor,0.83625
113,georgescu alegerile,0.83254325
113,constituționale româniei,0.83176625
113,biroul electoral,0.8303528
113,candidaturilor semnelor,0.8274106
113,constituțională respins,0.82706195
113,privind înregistrarea,0.82230365
113,presedintele romaniei,0.8213896
113,georgescu călin,0.81892467
113,contestație,0.81852615
113,contestații privind,0.8168922
113,domnului georgescu,0.8166908
113,curtea constituțională,0.8163208
114,primar nicușor,0.8599273
114,facebook primarul,0.8428872
114,spune premierul,0.8404041
114,ciolacu spus,0.8269756
114,psd premierul,0.820609
114,ministrul marcel,0.8203975
114,discurs susținut,0.8186232
114,piatra neamț,0.81576896
114,adăugat candidatul,0.81498075
114,locuința,0.81348944
114,postare publicată,0.813047
114,ajunge cotroceni,0.8119712
114,palatul victoria,0.8101338
114,independent alegerile,0.80619323
114,disperați,0.80584294
115,șeful statului,0.8461324
115,guvernul dăncilă,0.8425046
115,guvernare arată,0.84077895
115,consultările cotroceni,0.83894134
115,președintele klaus,0.8345147
115,alegerilor anticipate,0.83217824
115,propunerea psd,0.8311537
115,guvern minoritar,0.83090097
115,constituție prevede,0.82569885
115,niciun scenariu,0.82381475
115,actuala situație,0.8236064
115,politice spun,0.8234185
115,președinta partidului,0.8215988
115,legislativul,0.8198673
115,uniune națională,0.81503546
116,antonescu candidatul,0.8665056
116,prezidențiale crin,0.86443686
116,candidatul prezidențial,0.8539671
116,candidatul comun,0.851794
116,alianța electorală,0.84120834
116,biroul electoral,0.8382498
116,dosarul candidatură,0.83743405
116,prezidențiale validată,0.8361658
116,declarat antonescu,0.8357355
116,coaliția,0.83559465
116,crin antonescu,0.8307613
116,susținători călin,0.8276487
116,susținerii candidaturii,0.82634616
116,președinte țară,0.8253557
116,antonescu venit,0.82304215
117,partidele extremă,0.85567874
117,președintele francez,0.85497683
117,radicală,0.83934927
117,alegerile europene,0.8389459
117,șef guvernului,0.8384318
117,parlamentului,0.8373991
117,franța,0.83390784
117,demiterea guvernului,0.8335401
117,președintele emmanuel,0.83056295
117,moțiuni cenzură,0.82569873
117,imigrație,0.8254494
117,inferioară,0.8249121
117,obțină majoritate,0.82487
117,europă,0.82467616
117,adunarea națională,0.8241018
118,femeilor politică,0.87605083
118,copreședintele,0.8367725
118,candidați pnl,0.82918847
118,universitară,0.8280854
118,reprezentare,0.82390326
118,nivel parlamentar,0.82382154
118,bărbații,0.8207913
118,funcție înaltă,0.8196868
118,țările nordice,0.81864893
118,femeie,0.81741035
118,deputata usr,0.8133981
118,solidaritate,0.81244177
118,seniorilor,0.8119091
118,structurile,0.8100191
118,puține,0.8094929
119,manifestanților,0.84591466
119,parlamentarii aur,0.8428713
119,celelalte formațiuni,0.82458514
119,grevă,0.8244623
119,ședințele,0.82376474
119,votul alegerile,0.82293546
119,fața sediului,0.8188089
119,comisiilor,0.818578
119,președinte george,0.81753016
119,adunați,0.8162793
119,bărbat,0.81398153
119,secția poliție,0.8126191
119,găsim soluții,0.81254137
119,lovitura stat,0.8120129
119,audiențe,0.8118957
120,președinte interimar,0.8618286
120,februarie președintele,0.83886963
120,funcția președinte,0.8373033
120,presedinte romaniei,0.8359722
120,conducerea senatului,0.8353162
120,ședința biroului,0.83004975
120,interimar partidului,0.8288705
120,președinție crin,0.82836545
120,interimar româniei,0.82729363
120,sef statului,0.8272322
120,senatorilor pnl,0.8256005
120,ședința ccr,0.8253069
120,vacanța funcției,0.82396513
120,demisioneaza,0.823622
120,biroului politic,0.8222662
121,ciolacu guvernul,0.848506
121,vicepresedintele,0.8370417
121,rămână opoziție,0.83445334
121,partidul decide,0.8336864
121,guvernul pnl,0.8328502
121,primarilor tururi,0.82746714
121,răspuns liderul,0.8258817
121,susține psd,0.8245554
121,senatului spus,0.82428885
121,alianță politică,0.82077664
121,funcția prezidențială,0.81983376
121,liderii usr,0.81752646
121,minoritatilor,0.81727827
121,politic udmr,0.816342
121,negocierile formarea,0.81574976
122,candidaților,0.8565474
122,georgescu candidat,0.84618783
122,semnul electoral,0.83857876
122,buletinul vot,0.8370441
122,partidul național,0.82858694
122,înregistrarea respingerea,0.82284945
122,înscriere,0.8222256
122,bec anunțat,0.8217487
122,popescu partidul,0.8212091
122,independentă,0.81917465
122,antonescu alianța,0.8177912
122,central urmează,0.81717074
122,conservator român,0.816623
122,terheș partidul,0.814157
122,termenul limită,0.8107969
123,ministrul investițiilor,0.8497324
123,reziliență pnrr,0.8478397
123,ministru interimar,0.83343714
123,miniștrilor,0.82918525
123,planului național,0.8285787
123,ministrul marcel,0.82333565
123,potrivit ministrului,0.8224648
123,fiscală,0.8204989
123,accesarea fondurilor,0.81845915
123,preluarea,0.81746405
123,începutul ședinței,0.81541127
123,surse guvernamentale,0.81221104
123,proiectelor europene,0.8119968
123,discuțiile,0.81107634
123,modificării,0.8109782
124,nicio informație,0.8388226
124,colaborator securității,0.83720773
124,fostei securități,0.82236755
124,poziția oficială,0.81872755
124,poliție politică,0.817626
124,urmăriți,0.81582826
124,arhivelor,0.8141904
124,restricționat,0.81409574
124,persoana respectivă,0.8133836
124,spus crin,0.81020904
124,prietenului,0.80763185
124,adeverință,0.80708456
124,securitatea,0.806893
124,ofițerul,0.80535614
124,laurențiu antonescu,0.8042048
125,votul românilor,0.8398936
125,președinte guvern,0.8258711
125,simion există,0.8254813
125,decizie privința,0.8178417
125,liderului aur,0.81406724
125,nicio situație,0.81377745
125,individuală,0.8134677
125,garanții,0.8071474
125,câțiva colegi,0.8070469
125,singurul candidat,0.8060347
125,sănătatea educația,0.80596006
125,consiliu european,0.80528235
125,ipoteză,0.8033521
125,raționali,0.80323184
125,interesului,0.8023313
126,liderului partidului,0.8582157
126,președinte psd,0.8569766
126,parlamentul romaniei,0.8523588
126,partid mircea,0.8484676
126,fostul presedinte,0.84516954
126,parlamentar pnl,0.8416201
126,ales președinte,0.8406324
126,guvernării,0.838616
126,popescu tariceanu,0.83566046
126,discursul,0.8349231
126,mircea geoană,0.83371055
126,formatiune politica,0.82999337
126,excluderea victor,0.82940316
126,dragnea ajuns,0.82729673
126,deputatii,0.82712394
127,ciucă președintele,0.8372786
127,simion liderul,0.8331726
127,candidatul aur,0.8307785
127,dezbaterea electorală,0.81760895
127,liderul pnl,0.81683934
127,interdicția,0.81014633
127,președinție,0.8095917
127,precizat liderul,0.8087293
127,informații externe,0.8038683
127,fața cetățenilor,0.8017685
127,simion vorbit,0.8015349
127,ciolacu turul,0.8010733
127,agenți,0.7970449
127,curții conturi,0.7969041
127,țara vecină,0.7964815
128,creșterea taxelor,0.843645
128,fiscală,0.8400363
128,încrederea investitorilor,0.83691597
128,deficitul,0.8318582
128,inflație,0.8285476
128,cheltuielilor publice,0.8280633
128,analiștilor,0.82795507
128,salarizării,0.8267752
128,băncii centrale,0.82530737
128,măsuri dure,0.8243492
128,viitorul cabinet,0.82378733
128,formarea guvern,0.8234954
128,vânzărilor,0.8211285
128,formare profesională,0.81988007
128,națională româniei,0.8182514
129,primarul capitalei,0.8503046
129,primăria generală,0.84885395
129,dan nicușor,0.8457043
129,municipiului bucurești,0.84458756
129,spune primarul,0.842476
129,răspuns nicușor,0.84144974
129,capitalei citește,0.8375384
129,bugetului național,0.8375261
129,primăriile sector,0.83742243
129,impozitelor,0.8370034
129,autorizații construire,0.8354373
129,dan primarul,0.83429193
129,referendumul,0.8332046
129,salvați bucureștiul,0.8330672
129,consiliul general,0.8327408
130,guvernului grindeanu,0.8687147
130,schimbarea guvernului,0.848222
130,premierului,0.84404093
130,programul guvernare,0.84235895
130,noului cabinet,0.83849394
130,presedintele psd,0.8379319
130,social democraților,0.83351266
130,ședința,0.83258957
130,comitetul executiv,0.82805794
130,premierul viorica,0.82692564
130,copreședintele,0.8267737
130,demisiile,0.82398826
130,ministrii,0.82392174
130,retragerea sprijinului,0.82322276
130,dăncilă,0.822953
131,constituției președintele,0.87787795
131,mandatul președintelui,0.86747694
131,alegeri prezidențiale,0.8550192
131,președintelui,0.854481
131,președintele româniei,0.8504826
131,votul parlamentului,0.84273565
131,constituției româniei,0.8414115
131,prevederile constituției,0.83989394
131,potrivit constituției,0.83882046
131,demiterea președintelui,0.83858526
131,curții constituționale,0.83688974
131,grupurilor parlamentare,0.83167833
131,articolului constituție,0.8303747
131,suspendare funcție,0.829371
131,deputaților senatului,0.8291547
132,presedintelui traian,0.85144305
132,pierderea alegerilor,0.8434543
132,referendumul,0.8393338
132,motiune cenzura,0.83306515
132,premierul victor,0.8264849
132,sefului,0.825521
132,ungureanu,0.82256085
132,curtii constitutionale,0.8220257
132,consiliul european,0.821989
132,universitatii,0.8212385
132,demiterea,0.8204571
132,deputati,0.81875706
132,milioane romani,0.8173728
132,solutii,0.8161382
132,jumatate,0.81563354
133,viitorul președinte,0.84327596
133,geoană candidat,0.8364121
133,prezidențiale marcel,0.83599186
133,intențiile vot,0.8245106
133,ciolacu psd,0.82327044
133,ciucă pnl,0.8198361
133,cotidianului,0.80703115
133,respondenți,0.8050704
133,adultă,0.802951
133,sondajul,0.8026837
133,eșantionare,0.80174786
133,terheș pncr,0.7997681
133,îngrijorați,0.79973185
133,încredere,0.79927814
133,sondaj inscop,0.79777104
134,copreședintele,0.8570105
134,președinția consiliului,0.85320663
134,tăriceanu,0.8449957
134,pnl partidul,0.844862
134,codruța kovesi,0.84443027
134,vicepremier ministru,0.84091485
134,sprijinului politic,0.8405736
134,situația românia,0.8396414
134,deputatul liberal,0.8391941
134,grupului,0.83807606
134,premierul viorica,0.8373569
134,afirmat liderul,0.83650225
134,consiliului ue,0.83648515
134,corespondentului mediafax,0.83584654
134,decis retragerea,0.8333649
135,plenul senatului,0.83000255
135,parlamentara,0.8178109
135,legislativă prevede,0.8137077
135,interimar constituției,0.8127511
135,ministrului sănătății,0.8106078
135,rădăcinile,0.80866635
135,moțiune,0.80614173
135,motive proiectului,0.80611765
135,cadrelor didactice,0.8059589
135,simplă,0.80490255
135,evaluării,0.8047049
135,reintroducerea,0.8044059
135,dezbătută votată,0.8041528
135,identitară,0.80383646
135,vulpescu,0.80169475
136,anticorupție,0.8486098
136,cetățenia română,0.8405428
136,analistului,0.8402003
136,adversarii politici,0.83993757
136,alegeri corecte,0.83824396
136,românia așteaptă,0.835625
136,turbulențe,0.83538413
136,civilă,0.83447856
136,rațional,0.83111155
136,stabilă,0.82904506
136,rezolvării,0.8286612
136,deciziile ccr,0.82700706
136,schimbare radicală,0.8248539
136,trebuie revină,0.8247622
136,revoluției,0.8247198
137,președintele ucrainean,0.85771734
137,rusești,0.8170372
137,fața locului,0.8140669
137,președintele volodimir,0.8093724
137,ucrainene,0.8079323
137,victimelor,0.80784386
137,putin,0.8066982
137,copii adulți,0.80372095
137,atacul,0.80327356
137,orașul,0.80013376
137,anunțat duminică,0.7998674
137,sărbători,0.79941463
137,uciși,0.79902864
137,autorităților locale,0.7988783
137,combaterea dezinformării,0.79855955
138,șefia psd,0.85358983
138,fruntea partidului,0.844952
138,vicepresedintele,0.841144
138,șefia interimară,0.8379307
138,partidul decide,0.8332337
138,alege președinte,0.8289084
138,presedintele cj,0.82383
138,partidului putea,0.8224467
138,grupului parlamentar,0.82003677
138,ciolacu fruntea,0.819744
138,stiinte politice,0.8190209
138,ivan ministrul,0.81310606
138,ministrul economiei,0.812541
138,congresul,0.81175375
138,ciolacu raspuns,0.81124187
139,vicepresedinte,0.8529526
139,sediul partidului,0.85070854
139,tineret,0.84958535
139,regimului comunist,0.8383502
139,scena politica,0.8360012
139,romaneasca,0.8310219
139,scriitorul,0.8301979
139,pdl bucuresti,0.8280228
139,victor ciorbea,0.82758456
139,diaconescu,0.8257564
139,corneliu vadim,0.8242999
139,adoptarea legii,0.82070535
139,doua luni,0.8199127
139,trupul,0.819216
139,organizatia,0.8186569
140,animalelor,0.8552814
140,ministrul agriculturii,0.8533385
140,prevenție,0.8407676
140,autoritățile locale,0.8402013
140,asociației,0.83621216
140,pădure,0.83553857
140,vânătoare,0.834689
140,spațiilor,0.83308643
140,suprafața,0.83199924
140,mediului mircea,0.830868
140,parcurile,0.8290019
140,cercetătorii,0.8289497
140,deșeuri,0.82890624
140,modificare legii,0.8283626
140,consorțiu,0.82827467
141,ziariștii,0.8485279
141,comunei,0.8380822
141,județul dâmbovița,0.83519024
141,îmbrăcați,0.83282363
141,reportajul,0.832088
141,întâlnești,0.83107054
141,pădurea,0.82985926
141,biserică,0.8277683
141,aduși autocarele,0.8275149
141,piatra neamț,0.8246779
141,piciorul,0.82458496
141,celălalt capăt,0.8241572
141,braț,0.8230774
141,străzile,0.8226876
141,orgoliul,0.82263696
142,electoratul român,0.8694226
142,președintelui iohannis,0.85041535
142,societatea civilă,0.8476157
142,alternativă,0.84553695
142,dăncilă,0.8453853
142,decât făcut,0.8436624
142,românie puternică,0.841071
142,speranța,0.83721125
142,tranziția,0.836296
142,ultimul deceniu,0.83616227
142,sentimentul,0.83457994
142,familia tradițională,0.83314073
142,ion rațiu,0.83154124
142,îngrozitor,0.8295868
142,sume uriașe,0.82924145
143,primarul psd,0.83993995
143,prezidențiale primarul,0.839311
143,județean buzău,0.8363289
143,psd buzău,0.82692266
143,alți primari,0.823688
143,președinte filialei,0.82057786
143,președintele psd,0.82037866
143,consiliul județean,0.8198749
143,liderului,0.81655765
143,județene psd,0.81112283
143,organizația județeană,0.8103634
143,buzău constantin,0.805155
143,buzăului,0.80352914
143,vicepreședinte organizației,0.80254644
143,candidatul alianței,0.8022706
144,daniel funeriu,0.85392845
144,educației guvernul,0.85073304
144,candideze prezidențiale,0.83192885
144,româniei răspuns,0.82314074
144,demisionat funcție,0.81734335
144,premierul emil,0.8162151
144,coaliții,0.816171
144,emisiunea insider,0.81527877
144,universitatea tehnică,0.813409
144,reprezentați,0.81272554
144,foștii președinți,0.8120383
144,instituție media,0.8119153
144,rugăm trimiteți,0.8117363
144,politic difuzată,0.8115677
144,numit consilier,0.8087747
145,afirmat primarul,0.8491121
145,capitalei nicușor,0.84663147
145,dorește președinte,0.8376859
145,dan candidează,0.83543956
145,cazul președintele,0.8344273
145,răspuns nicușor,0.8332106
145,conferințe presă,0.83107305
145,românia guvernare,0.8287459
145,general capitalei,0.827505
145,viitoare coaliție,0.82724667
145,candidaturi alegerile,0.8262726
145,facă politică,0.8260224
145,bugetului național,0.8256431
145,sediul primăriei,0.82551336
145,actuala administrație,0.8254545
146,simion președintele,0.85619164
146,planul simion,0.84537834
146,vicepreședintele aur,0.83887947
146,apartamentului,0.8298408
146,locuință,0.82855916
146,politicianul,0.82539994
146,aur simion,0.82409924
146,explicat liderul,0.8180281
146,prețuri accesibile,0.8155838
146,aur prezentat,0.8133013
146,planului,0.81245834
146,promisiunea,0.81191015
146,construcția,0.8111067
146,imobiliare,0.8082613
146,argumentează,0.80811906
147,candidaturii călin,0.8427402
147,georgescu alegerile,0.83710515
147,prezidențiale update,0.83221513
147,candidatura nicușor,0.8273843
147,șef consiliului,0.8250968
147,simion participă,0.8210184
147,judecătorii ccr,0.8197428
147,respingerea candidaturii,0.8185885
147,contestația,0.8177726
147,conducere aur,0.81738436
147,privind candidatura,0.81447214
147,georgescu transmis,0.8125994
147,aur anunță,0.8123758
147,suveranistul,0.8123224
147,ședință urgență,0.811898
148,propagandă electorală,0.8590775
148,alegerile președintele,0.8388548
148,candidatului george,0.8283111
148,protecția datelor,0.82690275
148,făcut plângere,0.82686245
148,legislația,0.8221557
148,permanentă aep,0.8219638
148,scrisorii,0.8185408
148,instituției,0.8175061
148,județean brașov,0.81700194
148,continuarea propagandei,0.8160919
148,eliminării,0.8160873
148,aur spune,0.81540334
148,ilegală,0.8135321
148,competitorilor,0.8124596
149,coaliției,0.8527109
149,udmr guvernare,0.84205127
149,modificarea constituției,0.83944637
149,cîțu premier,0.83257616
149,minoritatilor nationale,0.83244884
149,salariului minim,0.831976
149,cuvânt partidului,0.82609934
149,sanitară,0.82590187
149,acordul politic,0.82416445
149,ministerele,0.8219256
149,discuții,0.8218332
149,niciun moment,0.82084167
149,menținerii,0.817081
149,formațiuni,0.8165061
149,cuvânt pnl,0.8145833
150,ciolacu președinte,0.84427536
150,prezidențiale liberalii,0.84315693
150,variantă premier,0.8378215
150,guvern româniei,0.8328525
150,coaliție,0.8298348
150,conducerii partidului,0.8297552
150,partidul național,0.8276332
150,pnl guvernare,0.8258996
150,social democrații,0.8183007
150,decembrie alegerile,0.8104325
150,romașcanu precizat,0.8100472
150,campaniile electorale,0.8099373
150,cuvânt psd,0.80920076
150,psd liberalii,0.808413
150,săptămâna viitoare,0.80755186
151,mandatul primar,0.85010445
151,candidat primăria,0.8391672
151,diferența candidați,0.838937
151,principalul contracandidat,0.8381194
151,sectorul,0.83636546
151,consiliilor,0.82978153
151,politicienii români,0.82876754
151,salubrizare,0.8281631
151,controversați,0.8260416
151,jurământul,0.82553756
151,clotilde armand,0.8245489
151,puțin voturi,0.8237235
151,numărătoarea,0.8236294
151,primăria,0.82285094
151,deșeurilor,0.82161975
152,partidul aur,0.8393209
152,lulea vicepreședinte,0.82762307
152,situație financiară,0.82610965
152,autoritatea electorală,0.8216165
152,firmă,0.81842065
152,permanentă aep,0.8174577
152,legislația privind,0.8170334
152,donații,0.81523407
152,lunii aprilie,0.81520903
152,activității partidelor,0.8144758
152,informațiilor,0.81376904
152,conturile,0.8134202
152,republicată,0.8127496
152,patronul,0.8113327
152,justiție sua,0.8101285
153,coaliția,0.8487513
153,stabilitatea politică,0.84840184
153,consiliul național,0.84457695
153,democrației românești,0.839598
153,generalului,0.83883715
153,politologul andrei,0.8383882
153,româniei ministrul,0.83647877
153,românia așa,0.82731265
153,premierul ciucă,0.82653165
153,deficitul,0.8253436
153,consecințele,0.8248526
153,motivație,0.8218856
153,președintele iohannis,0.8213084
153,curioși inteligenți,0.8201593
153,partide,0.8191198
154,băsescu pdl,0.867079
154,moment președintele,0.8505825
154,președintelui traian,0.8473418
154,opoziție alegerile,0.8402604
154,revizuirea constituției,0.83568406
154,cursa președinție,0.83201385
154,guvernului ponta,0.8293812
154,comentează,0.82712257
154,partidului conservator,0.82671046
154,propunerea făcută,0.8265662
154,pîrvulescu explicat,0.82538223
154,replică,0.82180107
154,românia spus,0.81974757
154,demisioneze,0.817322
154,blogul personal,0.8158773
155,șoferilor,0.8492024
155,minimă,0.84610736
155,parcursul zilei,0.84513605
155,județul ilfov,0.8451098
155,timpul nopții,0.8443644
155,zăpadă,0.84034467
155,naturală,0.8385899
155,termice,0.83850265
155,creierul,0.8371149
155,jumătate lunii,0.8369248
155,ziua,0.83663666
155,dependența,0.8366052
155,cronică,0.8358021
155,cantități,0.83547217
155,galben,0.8351262
156,bolojan președintele,0.85564923
156,crede președintele,0.8243687
156,prezidențiale coaliția,0.82221043
156,oamenii politici,0.8163458
156,încheierea mandatului,0.81454706
156,ministerul tineretului,0.81313896
156,pnl bihor,0.8097428
156,pnl precizează,0.80911267
156,partid așa,0.8084767
156,valorile tradiționale,0.80730194
156,relație,0.8069447
156,excelentă,0.80162215
156,candidat senat,0.80033946
156,trebuie gândești,0.8001515
156,parcursul româniei,0.7999711
157,socialiștilor democraților,0.86376166
157,vicepreședinte psd,0.85350287
157,ambii candidați,0.8492894
157,decizia partidului,0.8468102
157,pesediștii,0.84654474
157,integrării europene,0.8453451
157,politic parlamentul,0.84435046
157,eurodeputatul pnl,0.8406967
157,turul alegerilor,0.8330616
157,președinte george,0.83153796
157,grupului,0.8309498
157,susțină,0.8296728
157,victoria stoiciu,0.8254676
157,psd românia,0.82409996
157,niciun candidat,0.8236879
158,terheș candidatul,0.863715
158,președintele partidului,0.8577486
158,europarlamentarul cristian,0.85758114
158,cristian terheș,0.85482836
158,conservatorilor reformiștilor,0.8431356
158,președinte româniei,0.84176743
158,parlamentul european,0.8414941
158,forță politică,0.83892167
158,aur partidul,0.83859193
158,conservator român,0.8378788
158,intrarea politică,0.83677554
158,candidatură alegerile,0.8305944
158,centru dreapta,0.8301999
158,comunitatea românească,0.82997763
158,drepturile libertățile,0.82803607
159,bărbat,0.8452945
159,lucrării,0.84462386
159,chirurgicală,0.8430792
159,internetul,0.8417878
159,naivă,0.8400961
159,excelentă,0.8385994
159,sperând,0.8364961
159,vorbește,0.8363738
159,sfârșit,0.8341332
159,referințe,0.8325418
159,coșmar,0.8289051
159,întrebi,0.82809925
159,televizor,0.8279297
159,amestecă,0.8274503
159,cauți,0.82722855
160,opoziție pnl,0.8510579
160,supraviețuirea politică,0.84921837
160,psd rămas,0.84336233
160,guvernul cîțu,0.83901954
160,intrarea româniei,0.83577657
160,scenariul,0.8351302
160,majoritate fragilă,0.8350878
160,competenți,0.83106697
160,stânga,0.83063316
160,ani guvernare,0.8277762
160,dăncilă,0.8270577
160,pesediști,0.82670546
160,reformă,0.82668734
160,pensiile salariile,0.8263053
160,surpriză,0.825799
161,călin georgescu,0.8483688
161,ministerul mediului,0.8444692
161,georgescu funcția,0.84216297
161,președinte asociației,0.8220513
161,ani candidatul,0.8203778
161,ministru externe,0.81755817
161,neguvernamentală,0.816842
161,dezvoltare durabilă,0.8137896
161,consilier personal,0.8107307
161,geoană declarat,0.8104104
161,mircea geoană,0.81038934
161,președinte onoare,0.80984664
161,georgescu criticat,0.8086419
161,mediului,0.80580914
161,externe româniei,0.80571884
162,județean iași,0.86890185
162,pnl iași,0.85084575
162,consiliului local,0.8443168
162,psd candidatul,0.8432711
162,alegeri locale,0.8384719
162,secției votare,0.83835065
162,primăriei,0.83744717
162,lista candidaților,0.83607507
162,președintele biroului,0.83547866
162,achiziții,0.83303976
162,candidează,0.8298743
162,edilul,0.8281584
162,cetățenii români,0.82602775
162,consilierii,0.82602227
162,domiciliul reședința,0.8258935
163,antonescu președinte,0.868656
163,prezidențiabil,0.84607613
163,pnl antonescu,0.84264684
163,ieșirea guvernare,0.8406019
163,fruntea partidului,0.83845675
163,candidatul presedintie,0.83718
163,crin antonescu,0.8338715
163,comun coaliției,0.83234024
163,fostul lider,0.831434
163,liberalul,0.8312864
163,antonescu comentat,0.8293884
163,anunțat candidat,0.82794166
163,fruntea pnl,0.8264449
163,politica bucurești,0.8249117
163,oameni politici,0.82439065
164,facebook candidatul,0.8562054
164,președintele pmp,0.8558517
164,social democratul,0.84744984
164,spune premierul,0.8404045
164,europarlamentarul victor,0.83954096
164,grupurilor parlamentare,0.8392285
164,româniei uniunea,0.8361813
164,purtătorul cuvânt,0.8353804
164,precizează,0.831722
164,jurnalistul,0.8307426
164,politic spune,0.82942295
164,comentariile,0.82930326
164,vicepreședinții,0.82766557
164,actuală,0.82729554
164,șeful executivului,0.8266937
165,instituții publice,0.81711185
165,pnrr,0.8160993
165,responsabil,0.8144685
165,autorii,0.81188554
165,deschise,0.81058884
165,oamenii,0.798285
165,scrisori,0.7967405
165,prezentei,0.7935318
165,cîștige,0.79052085
165,orchestrată,0.7894783
165,măsură,0.7889327
165,tristețe,0.7887145
165,beneficiat,0.7802588
165,propaganda,0.7778925
165,,0.77770257
165,,0.77770257
165,,0.77770257
165,,0.77770257
165,,0.77770257
165,,0.77770257
165,,0.77770257
165,,0.77770257
165,,0.77770257
166,deputaților senatorilor,0.8704104
166,palatul parlamentului,0.8513323
166,europarlamentarul psd,0.8482197
166,adoptată senat,0.8442942
166,persoanelor dizabilități,0.8438084
166,propunerea legislativă,0.8431347
166,violenței domestice,0.8402842
166,rezidențial,0.8364679
166,interdicție,0.8360095
166,indemnizația,0.83446705
166,registrului,0.83312905
166,grupului minorităților,0.8314357
166,supraveghere,0.83065933
166,imobilului,0.829996
166,legislativ,0.82729393
167,județean timiș,0.8833159
167,consiliului județean,0.8737083
167,președinte consiliul,0.8716319
167,președintelui cj,0.86896104
167,șefului partid,0.8600216
167,social democratul,0.8554383
167,mediafax președintele,0.84828377
167,consilier personal,0.84738475
167,deputatul gigel,0.8468756
167,făcut alegere,0.84611416
167,funcția viceprimar,0.84365916
167,adăugat primarul,0.8430496
167,procesului vot,0.84269655
167,naționale consiliilor,0.8420946
167,susținerea nicușor,0.83744496
168,suspendare președintelui,0.8584279
168,președinte româniei,0.85757685
168,demisionează,0.8541701
168,bolojan președinte,0.8505416
168,referendumul demitere,0.8393781
168,președintele klaus,0.83420753
168,declarație presă,0.830788
168,situația actuală,0.8298093
168,senatului,0.82704276
168,negativă,0.81468296
168,cetățenii români,0.8134465
168,iohannis anunțat,0.8133441
168,criză,0.81317395
168,data decembrie,0.812763
168,luni demisia,0.8125613
169,ședinței guvern,0.8618188
169,guvernul ciolacu,0.8537541
169,investițiile,0.85059106
169,înghețarea pensiilor,0.8465768
169,reindustrializarea,0.8456219
169,ordonanța trenuleț,0.8444959
169,afaceri guvernul,0.8430402
169,salarială,0.84278834
169,cheltuielile,0.838458
169,prezidențiale mircea,0.8382913
169,companiile stat,0.83773947
169,rata inflației,0.83607984
169,președinție,0.83364505
169,funcționarii publici,0.8335984
169,candidatului,0.8327259
170,ministerului rus,0.835873
170,cuvânt kremlinului,0.8232536
170,prezidentiale romania,0.82273775
170,francezi,0.8176183
170,interferență,0.8151574
170,rus externe,0.80892766
170,agenția,0.8087194
170,informatii,0.80414593
170,dmitri peskov,0.8016059
170,purtatorul cuvant,0.8014567
170,transmis duminică,0.8013103
170,liderul partid,0.79918253
170,miliardarul,0.79802746
170,altor țări,0.79649615
170,fiind acuzat,0.7943844
171,ciolacu își,0.85711634
171,premierul româniei,0.8395351
171,municipiului buzău,0.83118904
171,partidului social,0.8292477
171,managementul,0.82640606
171,președinte organizației,0.8246737
171,județene psd,0.82386297
171,apărării naționale,0.8237045
171,revoluționar,0.8233514
171,internauții,0.8230436
171,întreprinderea,0.8200457
171,licență,0.8196211
171,organizației municipale,0.8194648
171,ecologică,0.81735647
171,examenul bacalaureat,0.8173371
172,anularea alegerilor,0.85255325
172,curții constituționale,0.8479722
172,președintele aur,0.84502375
172,apăra democrația,0.83829284
172,turului alegerilor,0.83400047
172,casație justiție,0.82950574
172,respins contestația,0.8273321
172,deputatul george,0.823494
172,ccr privind,0.8233204
172,criza politică,0.8220552
172,aberație,0.81835145
172,validarea mandatelor,0.81759346
172,repetiție,0.81737185
172,anulare,0.8171083
172,inițiatorii,0.8165312
173,prezidențiale nicușor,0.85341775
173,coaliție guvernare,0.8513747
173,rămână opoziție,0.8398528
173,prezidențiale există,0.83139825
173,majoritate stabilă,0.81853175
173,încredere guvernului,0.8171915
173,declarat primarul,0.8150196
173,ajunge președinte,0.8141813
173,scenariul,0.8113525
173,psd nicușor,0.80847657
173,probleme politică,0.8050015
173,trebuie măsuri,0.8039583
173,crede nicușor,0.8036161
173,cazul câștigă,0.8029088
173,românilor față,0.80284953
174,ciolacu președintele,0.8523305
174,calendarul alegerilor,0.8449396
174,alegeri prezidențiale,0.8431684
174,alegerile românia,0.84010834
174,alegerilor parlamentul,0.8307719
174,ciucă președintele,0.8260765
174,următorul parlament,0.8251632
174,președintele pnl,0.8239571
174,prezidențiale tur,0.82251745
174,precizat președintele,0.81960565
174,comisia parlamentară,0.8157643
174,prezidențiale surse,0.8148527
174,comasarea alegerilor,0.8144023
174,locale europarlamentare,0.81372833
174,parlamentare psd,0.81269515
175,antonescu președintele,0.8610699
175,georgescu prezidențiale,0.84333766
175,ciolacu susținut,0.8379115
175,partidul candidat,0.83707285
175,prezidențiale aceștia,0.83271337
175,spus premierul,0.82754916
175,vârful psd,0.82726777
175,coaliție putea,0.8253982
175,fața românilor,0.81896484
175,cotroceni spus,0.8188983
175,declarat georgescu,0.8184807
175,ciolacu demisia,0.8167943
175,spus crin,0.8167619
175,politice susțin,0.8163122
175,duminică congresul,0.8159005
176,ministerul fondurilor,0.8529591
176,interesul național,0.84671926
176,statului roman,0.8449411
176,materialelor electorale,0.8448784
176,inculpatul,0.84424484
176,justitiei radu,0.8437147
176,dinu patriciu,0.84042716
176,arestarea preventivă,0.8400425
176,societatii,0.83595777
176,înscris unpr,0.8350763
176,penală,0.8348069
176,trafic influență,0.83346987
176,accidentului,0.8316771
176,urmărire,0.8305969
176,verzilor,0.82853067
177,antonescu candidatul,0.84547263
177,prezidențiale crin,0.84041405
177,alianței guvernare,0.8293451
177,crin antonescu,0.82732016
177,renunța candidatură,0.82444435
177,sprijinul elenei,0.8241757
177,candidatul coaliției,0.8235141
177,președinția româniei,0.82344
177,prezidențiale precizat,0.8198942
177,își retragă,0.81824946
177,formațiunea susține,0.81609225
177,reacționat declarațiile,0.81556517
177,tv candidatul,0.8118354
177,decizia usr,0.81169564
177,alegerilor spune,0.81016004
178,partidul romania,0.85485256
178,presedinte interimar,0.84834266
178,interimar romaniei,0.8385613
178,parteneriatul,0.8342706
178,republicani,0.82764256
178,politica externa,0.82607347
178,unite americii,0.8215415
178,frontului,0.82145166
178,economistul,0.8202821
178,cetateanului,0.81950533
178,romanesc,0.8184935
178,invitații,0.81816536
178,retrogradare,0.8145593
178,miliarde euro,0.8126255
178,formatiunii,0.8123841
179,suspendarea președintelui,0.87776095
179,constituționale președintele,0.8607689
179,președintele senatului,0.85476017
179,suspendare funcție,0.8504739
179,președintelui klaus,0.85035306
179,președintelui,0.84943235
179,grupurilor parlamentare,0.844821
179,spune președintele,0.8406452
179,senatorilor,0.8363459
179,moțiune cenzură,0.83129764
179,reunite parlamentului,0.83043885
179,guvernul ciucă,0.8264396
179,partidelor suveraniste,0.8200487
179,parlamentari aur,0.81819046
179,suspendarea,0.81500584
180,semnul electoral,0.8392309
180,democrată maghiară,0.83620137
180,formațiunile politice,0.8320217
180,alianței,0.827157
180,documentul semnat,0.8202475
180,liberal uniunea,0.8195525
180,proiectelor infrastructură,0.81947196
180,populismul,0.8170202
180,manifestul,0.81675255
180,coordonatorii,0.8160398
180,cetățenii româniei,0.815611
180,parcursului european,0.81554073
180,minoritatilor,0.8154127
180,calitate presedinte,0.81539285
180,valorile principiile,0.8127976
181,ministerului culturii,0.85247344
181,administrației publice,0.8503696
181,deputaților for,0.8478092
181,manifestări,0.8467475
181,societatea română,0.8455665
181,deputatul psd,0.8428835
181,desființarea,0.8427666
181,președintele asociației,0.8411226
181,aprilie,0.84036726
181,prefecți,0.83962333
181,zilei,0.8387894
181,propunerii legislative,0.8371719
181,neamului românesc,0.8364303
181,proiectul hotărâre,0.8353454
181,tragediei,0.83461183
182,candidați psd,0.8504935
182,viitorului președinte,0.84797823
182,privința candidatului,0.83846366
182,președintele onoare,0.83828723
182,iliescu,0.82992303
182,președinție,0.8297796
182,președinte declarat,0.82446927
182,președintele traian,0.8203223
182,opinia românia,0.8116336
182,problemele confruntă,0.8073105
182,relațiile internaționale,0.806522
182,mircea geoană,0.8042406
182,partea parlamentarilor,0.80380785
182,psd precizat,0.80369484
182,spune ion,0.8012785
183,codul penal,0.8546896
183,substanțe interzise,0.85137475
183,traficul droguri,0.8505678
183,poliția română,0.84920967
183,permisul,0.8469183
183,deputaților for,0.84133804
183,inițiativă legislativă,0.8395817
183,oamenii legii,0.8365773
183,medicii,0.83360124
183,circulației,0.8321106
183,proiectului lege,0.8308748
183,șoseaua,0.83022034
183,avocatul,0.82977945
183,închisoarea,0.8297688
183,articolul alineatul,0.8259845
184,traseismul politic,0.8576755
184,comasarea alegerilor,0.8535752
184,reforma administrativă,0.848986
184,primarilor,0.84862757
184,consiliilor județene,0.84749854
184,comisia administrație,0.84738266
184,aleșilor locali,0.847082
184,inițiativa legislativă,0.840968
184,senatorul udmr,0.8395051
184,ciclu electoral,0.83765364
184,democrației românești,0.8365137
184,partidul spus,0.8335082
184,liderul senatorilor,0.8333074
184,orașelor,0.8324779
184,migrație,0.8307657
185,votanții,0.8455919
185,simion câștigă,0.84368765
185,candidatul coaliției,0.84123933
185,candidatul independent,0.83721757
185,total alegătorilor,0.8353809
185,voturi decembrie,0.83097434
185,coaliției crin,0.8287056
185,urmat candidatul,0.82840455
185,independent nicușor,0.8271812
185,voturilor valabil,0.82592404
185,obținut,0.82208043
185,dan câștigat,0.81715786
185,județele,0.817027
185,antonescu nicușor,0.8163263
185,psd județul,0.814348
186,judecatoreasca,0.8696132
186,superior magistraturii,0.8586836
186,casatie justitie,0.8512758
186,asociatiei,0.8479281
186,cursurilor,0.8442277
186,urmarirea,0.84371424
186,magistratura,0.8418274
186,legea privind,0.8412041
186,codul fiscal,0.83904463
186,procurori,0.8389716
186,dispozitiile,0.83830905
186,codul procedura,0.8372346
186,institutul,0.8338532
186,executarii,0.83347416
186,situatia,0.83339113
187,pragul electoral,0.84495384
187,politicii românești,0.84151065
187,guvernul tăriceanu,0.8331809
187,spus așa,0.8274291
187,partidului umanist,0.82388806
187,răspunsurile,0.8181692
187,progresele,0.811767
187,militanți,0.8095805
187,oamenii credință,0.80713725
187,viabilă,0.80606735
187,dezbinarea,0.80573905
187,trebuie meargă,0.80152005
187,românia anii,0.8006021
187,funcții înalte,0.7986548
187,facut parte,0.7985686
188,coaliție guvernare,0.84356654
188,psd liderul,0.8338775
188,senatorul pnl,0.82931566
188,fruntea partidului,0.82675254
188,marți ședința,0.8260098
188,consiliul politic,0.82582664
188,opoziție,0.8212684
188,prezidențiale marcel,0.82110476
188,conducerea,0.8169436
188,ședință informală,0.81626123
188,ciolacu rămână,0.81507105
188,europarlamentarul victor,0.8128995
188,psd discuta,0.8118124
188,afirmat vicepreședintele,0.81138456
188,președintele ales,0.8107196
189,iliescu spus,0.858577
189,președinte ion,0.8570903
189,președinte româniei,0.8560643
189,fostul președinte,0.8456666
189,ionescu,0.84132177
189,revoluționar,0.8404113
189,rețelele sociale,0.829968
189,crimelor comunismului,0.82913446
189,internetul,0.8282219
189,liderilor politici,0.8263601
189,directorul general,0.82303476
189,fundației,0.81809944
189,cadrul interviului,0.8179015
189,informațiile arată,0.8167934
189,colegiului,0.8146843
190,votanții călin,0.85649514
190,prezidențiale explicat,0.8502203
190,președintele autorității,0.8367158
190,ccr anulare,0.8264451
190,gazetarul,0.8235314
190,inteligență,0.8233527
190,rezultă,0.82067037
190,viitorul parlament,0.81997114
190,instituțiilor europene,0.8188141
190,răspundă întrebărilor,0.8169649
190,tudor popescu,0.8146416
190,legionară,0.8145745
190,adăugat usr,0.81280327
190,dezamăgirea,0.81264186
190,evreilor,0.81232536
191,secțiile votare,0.8678671
191,votului ilegal,0.85883164
191,administrația prezidențială,0.84219027
191,vulnerabilități,0.84095156
191,telecomunicații speciale,0.83955944
191,alegerilor funcția,0.83907676
191,transparența,0.8366933
191,pregătirile,0.83660585
191,cibernetică,0.83632493
191,alegerile precedente,0.8353257
191,tehnologia informației,0.833858
191,procesului,0.8329357
191,adunării parlamentare,0.83101946
191,vicepreședintele comisiei,0.82994604
191,votare,0.82475334
192,prezidențiale nicușor,0.84792066
192,prezidențiale răspuns,0.83810925
192,independent prezidențiale,0.8336453
192,explicat nicușor,0.82612586
192,sprijinul candidatul,0.82484835
192,facebook primarul,0.8238573
192,își retragă,0.8230099
192,dan primarul,0.8215132
192,capitalei spune,0.81597465
192,șefia statului,0.8158549
192,finalul ședinței,0.81547964
192,urma discuției,0.81437665
192,conferințe presă,0.8116557
192,decizie corectă,0.8101277
192,edilul,0.808133
193,vicepreședintele aur,0.8495414
193,guvern minoritar,0.8408568
193,conducerea țării,0.8328151
193,prezidențiale trebuie,0.8292388
193,votul românilor,0.8269607
193,majorități,0.82629806
193,aur rămâne,0.8250979
193,adăugat liderul,0.8203536
193,aur spus,0.8202915
193,premier călin,0.8194874
193,soluții reale,0.81745565
193,părere psd,0.8169199
193,reducerea taxelor,0.8154905
193,guvern declarat,0.81350064
193,set măsuri,0.8133995
194,repetarea alegerilor,0.83766884
194,democrație,0.8312291
194,interesul național,0.82206917
194,zegrean președinte,0.8208084
194,declarațiile vin,0.8171383
194,contextul deciziei,0.813488
194,transmis candidatul,0.81282365
194,atacuri cibernetice,0.8123015
194,emisiunii moderată,0.809757
194,politică indiferent,0.8077637
194,poți spui,0.80566907
194,pertinentă,0.80513406
194,alți bani,0.80449796
194,nicio dovadă,0.80299497
194,cred încă,0.8017753
195,partidul liberal,0.84659946
195,următorul guvern,0.84507525
195,extrema dreapta,0.8347328
195,opozitia,0.8230952
195,supraviețuirea politică,0.82256716
195,guvernator,0.82188964
195,forul legislativ,0.8185027
195,imigranților,0.8172401
195,parlamentare anticipate,0.8158381
195,conflict interese,0.8141614
195,socialiste,0.81348485
195,revendicările,0.81268173
195,creșterea puterii,0.8105943
195,urnelor vot,0.81011367
195,absolută,0.8090625
196,europarlamentarul rareș,0.84283626
196,vicepresedinte,0.8395884
196,candidați pnl,0.8395076
196,alegătorii diaspora,0.83580625
196,devenit europarlamentar,0.82789934
196,pnl rareș,0.82577
196,biroul executiv,0.8255493
196,opozitie,0.8223959
196,pierdut funcția,0.8215568
196,congresului extraordinar,0.8181601
196,ceilalți lideri,0.81653583
196,șeful organizației,0.81552434
196,eșecului,0.81456125
196,susține partidul,0.81361914
196,pnl bolojan,0.8130984
197,citește președintele,0.85929453
197,președintele iohannis,0.84917355
197,credibilitatea româniei,0.8485946
197,președintele klaus,0.8436674
197,modificare constituției,0.83613443
197,trebuie politică,0.8318205
197,legături strânse,0.83016145
197,situație complicată,0.8296293
197,guvernarea psd,0.82888246
197,președinției rotative,0.828575
197,românia noiembrie,0.8280493
197,externă,0.8270823
197,marți conferință,0.82558477
197,jurnalistul,0.8250213
197,consiliului ue,0.82462484
198,analistul politic,0.84776235
198,majoritatea candidaților,0.83058006
198,spune sociologul,0.829855
198,alegerilor anulate,0.8235509
198,specialiștii,0.8201878
198,vulnerabilități,0.8173357
198,rețelelor socializare,0.8158803
198,independentul nicușor,0.81422526
198,indeciși,0.8129662
198,punctează,0.81278896
198,șefei usr,0.8127469
198,dezbaterii,0.81200886
198,propaganda rusă,0.81125903
198,redirecționat,0.81025416
198,cazul psd,0.80985105
199,georgescu așa,0.8619847
199,românii vota,0.8512684
199,dictatură,0.8447038
199,ușilor închise,0.8438052
199,credință,0.8426335
199,instituțiilor forță,0.8422111
199,lovitura stat,0.84002936
199,rușii,0.83881974
199,trump românia,0.8380432
199,emoțional,0.83728063
199,popoarelor,0.8340788
199,vremea ceaușescu,0.8332714
199,execuție,0.8328966
199,zilele următoare,0.83179736
199,parteneriatele,0.8301765
200,presedintelui,0.8485295
200,statului roman,0.84779406
200,dl georgescu,0.8428391
200,ceausescu,0.8336835
200,jocul democratic,0.8301226
200,institutiile,0.82832634
200,antisistem,0.8197305
200,datorita,0.8177344
200,constanța,0.816864
200,saptamani,0.81621784
200,romania,0.8159858
200,matei udrea,0.81242573
200,tratatul,0.8098608
200,parerea,0.80955267
200,intamplat,0.8091682
201,procurorul,0.84411055
201,statului paralel,0.84063745
201,poliție,0.83748984
201,ministrul interne,0.832941
201,șeful campanie,0.8320105
201,spus georgescu,0.82865983
201,explicații,0.8279989
201,amenințat,0.82637775
201,comisiei control,0.8250076
201,mediul politic,0.82468766
201,cătălin predoiu,0.82369614
201,telefoanelor,0.82245296
201,românească,0.819
201,mascați,0.8185221
201,așa posibil,0.8173739
202,președintele româniei,0.85265934
202,președintelui klaus,0.84930944
202,iohannis președintele,0.84818006
202,președinției,0.83822703
202,bilaterală,0.8353425
202,politica externă,0.8337252
202,cooperării,0.8272729
202,cadrul vizitei,0.8192393
202,consiliului uniunii,0.8173354
202,întrevederi,0.81723535
202,dialogul,0.81584156
202,obiectivele,0.8151141
202,relevanța,0.8145427
202,potrivit administrației,0.81435835
202,japoniei,0.81341916
203,secția vot,0.8552948
203,integrarea româniei,0.8348683
203,românia trebuie,0.8216873
203,valorile democratice,0.82165897
203,diaspora oameni,0.820139
203,întoarcă acasă,0.81982833
203,senatorul claudiu,0.8182709
203,stă picioare,0.8181777
203,sectorului daniel,0.8181292
203,fondurile europene,0.81784725
203,prezenți,0.81289244
203,liderul pmp,0.8104403
203,diseară,0.80992943
203,așa ales,0.8097889
203,daniel băluță,0.8065202
204,simion prezidențiale,0.8495951
204,președintele consiliului,0.8371214
204,candidatul trebuie,0.8279611
204,respinsă candidatura,0.827819
204,președinție declarat,0.8266734
204,reacție dură,0.8193934
204,unirea româniei,0.8183779
204,partid țară,0.81741655
204,cer votul,0.8164101
204,câștigat turul,0.8148539
204,alegeri anulate,0.81381476
204,dezamăgitor,0.8137256
204,guvernare așa,0.8121902
204,național aur,0.8107007
204,aur claudiu,0.810008
205,pacienților,0.8590307
205,psihică,0.85480726
205,dizabilități,0.85298175
205,ministerul sănătății,0.848249
205,medicii,0.8464656
205,instituționalizate,0.8445054
205,spitale,0.84396815
205,asistenți,0.8433782
205,medicamentele,0.8424533
205,comunitară,0.8414556
205,îngrijire,0.8407718
205,sănătății,0.8395146
205,asigurări sănătate,0.8388642
205,tratamente,0.8388443
205,bolnav,0.83687186
206,partidelor extremiste,0.85308516
206,membrii partidului,0.84169585
206,ieșirea româniei,0.83960986
206,neamul românesc,0.8373033
206,extremist aur,0.83529794
206,europeană,0.83498055
206,agresivitate,0.8344552
206,clasa politică,0.83395725
206,partidului george,0.83380586
206,studenții,0.82937515
206,politologul,0.8292567
206,legislație,0.8291031
206,violenței,0.8266616
206,verbală,0.82623255
206,aur putea,0.8241643
207,județene psd,0.8390349
207,liderului partidului,0.8370042
207,antonescu susținut,0.8356161
207,președinții consilii,0.832047
207,alți lideri,0.831198
207,prezidențiale menționând,0.8306613
207,actuala coaliție,0.83045703
207,alegerilor locale,0.829327
207,conferința județeană,0.82883227
207,antonescu pierde,0.82767284
207,ajungă președinte,0.8267327
207,ședință urgență,0.8247258
207,paul stănescu,0.82389915
207,secretarul general,0.8183259
207,șefilor,0.8161281
